{"type":"FeatureCollection","features":[{"type":"Feature","properties":{"UNION":1859,"TIPO":"CAMINO","NOMBRE":"CAMINO DE LAS TROPAS","OBSERVACIO":"MENSURA 24","largo":10199.1911505},"geometry":{"type":"MultiLineString","coordinates":[[[-59.720028,-34.423201],[-59.707276,-34.425891],[-59.698003,-34.427308],[-59.683714,-34.427432],[-59.671552,-34.42708],[-59.66074,-34.42673],[-59.652635,-34.425748],[-59.645111,-34.424286],[-59.637585,-34.423304],[-59.634496,-34.423295],[-59.631405,-34.423766],[-59.627731,-34.425034],[-59.622896,-34.42678],[-59.61961,-34.427729],[-59.616712,-34.42804],[-59.611124,-34.428788]]]}},{"type":"Feature","properties":{"UNION":1859,"TIPO":"CAMINO","NOMBRE":"CAMINO DE LAS POSTAS","OBSERVACIO":"MENSURA 24","largo":6201.79831212},"geometry":{"type":"MultiLineString","coordinates":[[[-59.67988,-34.403268],[-59.676826,-34.403462],[-59.67487,-34.403912],[-59.672546,-34.404564],[-59.670835,-34.404965],[-59.669061,-34.405517],[-59.666493,-34.406168],[-59.664475,-34.40677],[-59.66252,-34.407119],[-59.66044,-34.407771],[-59.658543,-34.408677],[-59.656523,-34.409684],[-59.655605,-34.410238],[-59.65377,-34.410942],[-59.650529,-34.411692],[-59.644472,-34.414104],[-59.642819,-34.414909],[-59.637926,-34.416464],[-59.631074,-34.418924],[-59.627279,-34.420584],[-59.625075,-34.421741],[-59.623725,-34.422901],[-59.621767,-34.423756],[-59.61828,-34.424808]]]}},{"type":"Feature","properties":{"UNION":1859,"TIPO":"CAMINO","NOMBRE":"CAMINO BUENOS AYRES A PROV","OBSERVACIO":"MENSURA 24","largo":13839.1724023},"geometry":{"type":"MultiLineString","coordinates":[[[-59.751543,-34.440678],[-59.747629,-34.44193],[-59.745564,-34.442375],[-59.74154,-34.443897],[-59.732082,-34.445946],[-59.72219,-34.447994],[-59.716213,-34.44861],[-59.708931,-34.449403],[-59.701215,-34.450375],[-59.69567,-34.451531],[-59.685995,-34.453036],[-59.676321,-34.454271],[-59.669907,-34.455334],[-59.666318,-34.456404],[-59.658376,-34.458902],[-59.655329,-34.460063],[-59.652499,-34.461225],[-59.649564,-34.461577],[-59.645429,-34.463005],[-59.638681,-34.465685],[-59.631172,-34.468363],[-59.625947,-34.470417],[-59.620285,-34.473009],[-59.617781,-34.473991],[-59.608102,-34.47558]]]}},{"type":"Feature","properties":{"UNION":1859,"TIPO":"CAMINO","NOMBRE":"CAMINO FORTIN ARECO A MERCEDES","OBSERVACIO":"MENSURA 24","largo":12684.4404871},"geometry":{"type":"MultiLineString","coordinates":[[[-59.741104,-34.444166],[-59.73925,-34.446592],[-59.736746,-34.448386],[-59.734022,-34.45108],[-59.731188,-34.453864],[-59.728568,-34.457638],[-59.725841,-34.461052],[-59.721694,-34.466532],[-59.72017,-34.467429],[-59.713203,-34.471102],[-59.706888,-34.474507],[-59.698944,-34.477638],[-59.692193,-34.481221],[-59.68686,-34.483187],[-59.680765,-34.485511],[-59.672712,-34.48819],[-59.668036,-34.488897],[-59.659989,-34.489865],[-59.652376,-34.491104],[-59.646607,-34.493067],[-59.641053,-34.495481],[-59.636261,-34.497536],[-59.630492,-34.499499],[-59.626573,-34.500657]]]}},{"type":"Feature","properties":{"UNION":1860,"TIPO":"CAMINO","NOMBRE":"CAMINO ANTIGUO A PROVINCIAS","OBSERVACIO":"MENSURA 27","largo":12279.7320597},"geometry":{"type":"MultiLineString","coordinates":[[[-59.187508,-34.373385],[-59.191136,-34.37164],[-59.194026,-34.369754],[-59.197904,-34.367466],[-59.199881,-34.36673],[-59.202677,-34.366],[-59.206048,-34.365341],[-59.210162,-34.364143],[-59.21445,-34.361857],[-59.218248,-34.359296],[-59.222466,-34.355649],[-59.227508,-34.351666],[-59.230644,-34.349644],[-59.235028,-34.345589],[-59.24115,-34.33998],[-59.246355,-34.335793],[-59.250989,-34.331195],[-59.255542,-34.326459],[-59.25869,-34.32294],[-59.262165,-34.319423],[-59.266382,-34.315502],[-59.270094,-34.312938],[-59.274224,-34.309492],[-59.278433,-34.306387],[-59.285941,-34.30092]]]}},{"type":"Feature","properties":{"UNION":1860,"TIPO":"CAMINO","NOMBRE":"CAMINO NUEVO A PROVINCIAS","OBSERVACIO":"MENSURA 27","largo":8199.09941587},"geometry":{"type":"MultiLineString","coordinates":[[[-59.233055,-34.347415],[-59.23535,-34.34634],[-59.237818,-34.345539],[-59.243167,-34.343735],[-59.248345,-34.34261],[-59.251961,-34.341815],[-59.25656,-34.341231],[-59.262058,-34.34106],[-59.267726,-34.340142],[-59.272662,-34.33847],[-59.277599,-34.336662],[-59.282367,-34.335465],[-59.287295,-34.334677],[-59.291977,-34.333956],[-59.295674,-34.333229],[-59.300932,-34.33217],[-59.302825,-34.331433],[-59.305784,-34.330701],[-59.310053,-34.330181],[-59.314816,-34.329459],[-59.318678,-34.328664]]]}},{"type":"Feature","properties":{"UNION":1860,"TIPO":"CAMINO","NOMBRE":"A GILES","OBSERVACIO":"MENSURA 27","largo":2970.81660666},"geometry":{"type":"MultiLineString","coordinates":[[[-59.272662,-34.33847],[-59.274877,-34.338483],[-59.27684,-34.339107],[-59.279374,-34.340211],[-59.281329,-34.341787],[-59.283772,-34.343843],[-59.28752,-34.346859],[-59.28972,-34.348709],[-59.291515,-34.349876],[-59.295853,-34.351125],[-59.299206,-34.35237]]]}},{"type":"Feature","properties":{"UNION":1860,"TIPO":"CAMINO","NOMBRE":"CAMINO ZÁRATE A MERCEDES","OBSERVACIO":"MENSURA 27","largo":6468.66913884},"geometry":{"type":"MultiLineString","coordinates":[[[-59.25114,-34.306066],[-59.254381,-34.310441],[-59.255671,-34.312966],[-59.25672,-34.314878],[-59.258341,-34.317133],[-59.262311,-34.322601],[-59.264581,-34.325608],[-59.266443,-34.328409],[-59.268061,-34.331005],[-59.269508,-34.334416],[-59.27157,-34.33884],[-59.27224,-34.340964],[-59.273696,-34.343422],[-59.276128,-34.346703],[-59.278395,-34.350254],[-59.280498,-34.353737],[-59.283007,-34.357834]]]}},{"type":"Feature","properties":{"UNION":1866,"TIPO":"CAMINO","NOMBRE":"CAMINO DE LAS ARREAS","OBSERVACIO":"MENSURA 38","largo":0},"geometry":{"type":"MultiLineString","coordinates":[[[-59.567717,-34.364692],[-59.566508,-34.364938],[-59.565144,-34.365873],[-59.563631,-34.366368],[-59.562041,-34.367051],[-59.560074,-34.367733],[-59.559167,-34.367918],[-59.558486,-34.368291],[-59.555004,-34.369656],[-59.554171,-34.370091],[-59.553562,-34.371154],[-59.552349,-34.371901],[-59.551064,-34.372084],[-59.549778,-34.372518],[-59.548263,-34.373326],[-59.54599,-34.374695],[-59.545077,-34.375945],[-59.543858,-34.377881],[-59.542567,-34.379254],[-59.541879,-34.380629],[-59.541642,-34.382632],[-59.541031,-34.383757],[-59.539058,-34.385566],[-59.537915,-34.387315],[-59.536846,-34.389377],[-59.535773,-34.392129],[-59.535616,-34.393318],[-59.534777,-34.394755],[-59.533027,-34.397065],[-59.532417,-34.398002],[-59.531348,-34.39994],[-59.530436,-34.400938],[-59.529673,-34.40225],[-59.528377,-34.404374],[-59.528297,-34.405126],[-59.527676,-34.408192]]]}},{"type":"Feature","properties":{"UNION":1870,"TIPO":"CAMINO","NOMBRE":"CAMINO ARRECIFES A GILES","OBSERVACIO":"MENSURA 58","largo":0},"geometry":{"type":"MultiLineString","coordinates":[[[-59.528255,-34.402486],[-59.526632,-34.403225],[-59.52528,-34.403592],[-59.523297,-34.404479],[-59.521854,-34.405144],[-59.520043,-34.405818],[-59.518876,-34.406442],[-59.517507,-34.40694],[-59.516391,-34.407438],[-59.515427,-34.407938],[-59.514361,-34.408646],[-59.513142,-34.409438],[-59.512432,-34.409687],[-59.511064,-34.410143],[-59.509745,-34.410724],[-59.508425,-34.411558],[-59.506749,-34.412599],[-59.505378,-34.413432],[-59.504516,-34.413681],[-59.502284,-34.414804],[-59.500354,-34.416012],[-59.497866,-34.417427],[-59.495785,-34.418593],[-59.494208,-34.419886],[-59.491669,-34.421385],[-59.489384,-34.422759],[-59.487505,-34.423925],[-59.486337,-34.424549],[-59.484916,-34.425256],[-59.483087,-34.426381],[-59.481665,-34.427213],[-59.480041,-34.428045],[-59.47867,-34.428878],[-59.477046,-34.429542],[-59.475272,-34.429953],[-59.47355,-34.43024],[-59.471325,-34.43002],[-59.469657,-34.429761],[-59.467635,-34.429291],[-59.466624,-34.429203],[-59.464902,-34.429363],[-59.463078,-34.429733],[-59.46171,-34.430062]]]}},{"type":"Feature","properties":{"UNION":1870,"TIPO":"CAMINO","NOMBRE":"CAMINO CARMEN DE ARECO A GILES","OBSERVACIO":"MENSURA 58","largo":0},"geometry":{"type":"MultiLineString","coordinates":[[[-59.513612,-34.433173],[-59.512142,-34.433502],[-59.510876,-34.433749],[-59.509003,-34.433783],[-59.506979,-34.433691],[-59.505358,-34.43402],[-59.503076,-34.434724],[-59.501809,-34.43518],[-59.5011,-34.435219],[-59.498768,-34.435922],[-59.49608,-34.436876],[-59.492277,-34.438118],[-59.488676,-34.439361],[-59.485989,-34.440062],[-59.482287,-34.441221],[-59.480158,-34.441799],[-59.478181,-34.442377],[-59.476053,-34.442704],[-59.472756,-34.443864],[-59.470219,-34.444817],[-59.468444,-34.445396],[-59.46667,-34.445892],[-59.464543,-34.446008],[-59.462418,-34.445957],[-59.4609,-34.445783],[-59.459486,-34.445273],[-59.45782,-34.444637],[-59.456255,-34.444001],[-59.454437,-34.44349],[-59.452008,-34.443437]]]}},{"type":"Feature","properties":{"UNION":1870,"TIPO":"CAMINO","NOMBRE":"CAMINO A GILES","OBSERVACIO":"MENSURA 59","largo":0},"geometry":{"type":"MultiLineString","coordinates":[[[-59.339974,-34.50035],[-59.341965,-34.499838],[-59.343507,-34.499023],[-59.34505,-34.49806],[-59.346769,-34.497695],[-59.348313,-34.496582],[-59.349583,-34.495841],[-59.351845,-34.495255],[-59.353117,-34.494289],[-59.354574,-34.492652],[-59.356297,-34.491689],[-59.358831,-34.490955],[-59.362454,-34.489628],[-59.364541,-34.488293],[-59.365718,-34.487851],[-59.367256,-34.487485],[-59.369251,-34.486299],[-59.371791,-34.484742],[-59.373331,-34.484077],[-59.375773,-34.483566],[-59.37921,-34.482835],[-59.380835,-34.482844],[-59.382371,-34.482702],[-59.383729,-34.48226],[-59.384722,-34.482265],[-59.385712,-34.482719],[-59.389233,-34.482811],[-59.391219,-34.482821],[-59.393388,-34.482608],[-59.396107,-34.481126],[-59.39819,-34.480313],[-59.401172,-34.479879],[-59.403884,-34.479519]]]}},{"type":"Feature","properties":{"UNION":1872,"TIPO":"CAMINO","NOMBRE":"CAMINO LUJAN A ARECO","OBSERVACIO":"MENSURA 62","largo":0},"geometry":{"type":"MultiLineString","coordinates":[[[-59.414441,-34.319162],[-59.41538,-34.317163],[-59.416266,-34.315377],[-59.417874,-34.313167],[-59.420204,-34.310493],[-59.421912,-34.308668],[-59.423571,-34.306459],[-59.42523,-34.30425],[-59.426372,-34.302465],[-59.426791,-34.301231],[-59.427109,-34.299783],[-59.427067,-34.298504],[-59.427074,-34.297481],[-59.427543,-34.296374],[-59.428115,-34.295397],[-59.428635,-34.294461],[-59.42952,-34.29276],[-59.430039,-34.29191]]]}},{"type":"Feature","properties":{"UNION":1875,"TIPO":"CAMINO","NOMBRE":"CAMINO","OBSERVACIO":"MENSURA 69","largo":0},"geometry":{"type":"MultiLineString","coordinates":[[[-59.318678,-34.328664],[-59.324015,-34.327169],[-59.328997,-34.325047],[-59.334413,-34.32257],[-59.339609,-34.320449],[-59.342562,-34.319748],[-59.345967,-34.319062],[-59.349609,-34.319081]]]}},{"type":"Feature","properties":{"UNION":1875,"TIPO":"CAMINO","NOMBRE":"CAMINO","OBSERVACIO":"MENSURA 69","largo":0},"geometry":{"type":"MultiLineString","coordinates":[[[-59.366031,-34.330953],[-59.363615,-34.329328],[-59.361438,-34.328209],[-59.359143,-34.326585],[-59.35673,-34.324659],[-59.353833,-34.322327],[-59.35166,-34.320804],[-59.349609,-34.319081],[-59.348287,-34.317361],[-59.346726,-34.315137],[-59.343231,-34.311794],[-59.340457,-34.309462],[-59.338047,-34.307233],[-59.334181,-34.304896],[-59.330318,-34.302256],[-59.32561,-34.299006],[-59.321382,-34.296465],[-59.314857,-34.292903],[-59.30978,-34.290356],[-59.304334,-34.288512],[-59.301065,-34.287587],[-59.297557,-34.286156],[-59.293078,-34.284821]]]}},{"type":"Feature","properties":{"UNION":1876,"TIPO":"CAMINO","NOMBRE":"CAMINO A SANTA FE","OBSERVACIO":"MENSURA 81","largo":0},"geometry":{"type":"MultiLineString","coordinates":[[[-59.203337,-34.36025],[-59.205381,-34.360405],[-59.206614,-34.360695],[-59.207721,-34.360809],[-59.20879,-34.360356],[-59.209988,-34.359834],[-59.212593,-34.359285],[-59.215241,-34.358631],[-59.217849,-34.357693],[-59.22152,-34.356904],[-59.223274,-34.356209],[-59.225791,-34.3558],[-59.228864,-34.355219],[-59.231343,-34.354422],[-59.234116,-34.354086],[-59.236894,-34.353079],[-59.239458,-34.352211],[-59.241591,-34.351977],[-59.245174,-34.351504]]]}},{"type":"Feature","properties":{"UNION":1877,"TIPO":"CAMINO","NOMBRE":"CAMINO ZARATE A GILES","OBSERVACIO":"MENSURA 83","largo":0},"geometry":{"type":"MultiLineString","coordinates":[[[-59.3909,-34.384629],[-59.396782,-34.390148],[-59.40127,-34.39471],[-59.405825,-34.399008]]]}},{"type":"Feature","properties":{"UNION":1877,"TIPO":"CAMINO","NOMBRE":"CAMINO A GILES","OBSERVACIO":"MENSURA 83","largo":0},"geometry":{"type":"MultiLineString","coordinates":[[[-59.379454,-34.394683],[-59.382453,-34.396035],[-59.384558,-34.397233],[-59.386809,-34.398046],[-59.390093,-34.399636],[-59.392019,-34.400685],[-59.394909,-34.402422],[-59.400083,-34.405238]]]}},{"type":"Feature","properties":{"UNION":1877,"TIPO":"CAMINO","NOMBRE":"CAMINO A GILES","OBSERVACIO":"MENSURA 83","largo":0},"geometry":{"type":"MultiLineString","coordinates":[[[-59.367166,-34.40917],[-59.369452,-34.410102],[-59.37163,-34.411153],[-59.373701,-34.412054],[-59.375737,-34.412866],[-59.377736,-34.413916],[-59.380233,-34.415383],[-59.382842,-34.416228]]]}},{"type":"Feature","properties":{"UNION":0,"TIPO":"CAMINO","NOMBRE":"CAMINO DE ARECO A LUJAN","OBSERVACIO":"MENSURA 86","largo":0},"geometry":{"type":"MultiLineString","coordinates":[[[-59.477686,-34.483255],[-59.473361,-34.484992],[-59.471315,-34.485484],[-59.468846,-34.485771],[-59.466288,-34.486289],[-59.463774,-34.48663],[-59.461176,-34.486831],[-59.458064,-34.487451],[-59.45525,-34.488003],[-59.451581,-34.489115],[-59.447613,-34.490401],[-59.445566,-34.490885]]]}},{"type":"Feature","properties":{"UNION":0,"TIPO":"CAMINO","NOMBRE":"CAMINO VECINAL","OBSERVACIO":"MENSURA 86","largo":0},"geometry":{"type":"MultiLineString","coordinates":[[[-59.454668,-34.453205],[-59.455383,-34.454477],[-59.456347,-34.456773],[-59.456805,-34.458291],[-59.457646,-34.459846],[-59.459845,-34.462077],[-59.460391,-34.463278],[-59.461439,-34.465644],[-59.462154,-34.467128],[-59.463079,-34.468824],[-59.464978,-34.471371],[-59.465904,-34.473138],[-59.467084,-34.475011],[-59.467883,-34.47646],[-59.46877,-34.477557],[-59.470072,-34.480453],[-59.471124,-34.482326],[-59.472346,-34.484376],[-59.473012,-34.485076]]]}},{"type":"Feature","properties":{"UNION":0,"TIPO":"TELÉGRAFO","NOMBRE":"TELEGRAFO A MERCEDES","OBSERVACIO":"MENSURA 86","largo":0},"geometry":{"type":"MultiLineString","coordinates":[[[-59.453702,-34.456781],[-59.462306,-34.482166],[-59.464479,-34.488662],[-59.461501,-34.501517]]]}},{"type":"Feature","properties":{"UNION":0,"TIPO":"CAMINO","NOMBRE":"CAMINO DE GILES A MERCEDES","OBSERVACIO":"MENSURA 86","largo":0},"geometry":{"type":"MultiLineString","coordinates":[[[-59.441856,-34.462074],[-59.442748,-34.464522],[-59.443023,-34.465793],[-59.443232,-34.468567],[-59.443215,-34.471152],[-59.443088,-34.473173],[-59.442956,-34.475898],[-59.442433,-34.477729],[-59.441961,-34.480453],[-59.441367,-34.484493],[-59.441008,-34.487123],[-59.440545,-34.488532],[-59.439855,-34.489891],[-59.439105,-34.49158],[-59.438523,-34.493693]]]}},{"type":"Feature","properties":{"UNION":1878,"TIPO":"FERROCARRIL","NOMBRE":"FCO RAMAL A PERGAMINO","OBSERVACIO":"MENSURA 87","largo":0},"geometry":{"type":"MultiLineString","coordinates":[[[-59.28466,-34.442825],[-59.291071,-34.438154],[-59.299328,-34.432163],[-59.3077,-34.426076]]]}},{"type":"Feature","properties":{"UNION":1878,"TIPO":"CAMINO","NOMBRE":"CAMINO DE GILES A LA CAPILLA","OBSERVACIO":"MENSURA 88","largo":0},"geometry":{"type":"MultiLineString","coordinates":[[[-59.343416,-34.398307],[-59.341338,-34.397258],[-59.33999,-34.396213],[-59.338432,-34.39534],[-59.33656,-34.394725],[-59.333749,-34.393931],[-59.331774,-34.393142],[-59.330322,-34.392097],[-59.328763,-34.39131],[-59.325958,-34.389997],[-59.324088,-34.389036],[-59.323264,-34.387648],[-59.322024,-34.386257],[-59.320884,-34.3853]]]}},{"type":"Feature","properties":{"UNION":1878,"TIPO":"CAMINO","NOMBRE":"CAMINO DE S A DE ARECO A LUJAN","OBSERVACIO":"MENSURA 88","largo":0},"geometry":{"type":"MultiLineString","coordinates":[[[-59.316786,-34.389082],[-59.316771,-34.390897],[-59.316128,-34.392969],[-59.315701,-34.394177],[-59.315693,-34.395215],[-59.315789,-34.396167],[-59.315149,-34.397893],[-59.313772,-34.400565],[-59.312193,-34.402286],[-59.310722,-34.403488],[-59.30946,-34.404692],[-59.308409,-34.405637],[-59.307145,-34.4071],[-59.305668,-34.40908],[-59.304505,-34.410976],[-59.303022,-34.413648],[-59.30176,-34.414938],[-59.299756,-34.417521],[-59.298596,-34.418984],[-59.297855,-34.420191]]]}},{"type":"Feature","properties":{"UNION":1878,"TIPO":"CAMINO","NOMBRE":"CAMINO DE GILES A ZARATE","OBSERVACIO":"MENSURA 88","largo":0},"geometry":{"type":"MultiLineString","coordinates":[[[-59.386679,-34.368828],[-59.385227,-34.366924],[-59.383833,-34.364923],[-59.383027,-34.362925],[-59.38268,-34.362242],[-59.381457,-34.36102],[-59.379475,-34.359356],[-59.377146,-34.357107],[-59.375281,-34.355492],[-59.373477,-34.353634],[-59.371553,-34.352068],[-59.369747,-34.350405]]]}},{"type":"Feature","properties":{"UNION":1879,"TIPO":"CAMINO","NOMBRE":"CAMINO DEL PILAR S A DE ARECO","OBSERVACIO":"MENSURA 90","largo":0},"geometry":{"type":"MultiLineString","coordinates":[[[-59.310881,-34.329361],[-59.306753,-34.330205],[-59.298177,-34.333218],[-59.294412,-34.334728],[-59.289422,-34.335566],[-59.286093,-34.336363],[-59.28344,-34.337267],[-59.278452,-34.33785],[-59.275806,-34.337936],[-59.269896,-34.338411],[-59.267493,-34.338805],[-59.262564,-34.339643],[-59.258432,-34.340792]]]}},{"type":"Feature","properties":{"UNION":1879,"TIPO":"CAMINO","NOMBRE":"CAMINO DE GILES A ZARATE","OBSERVACIO":"MENSURA 90","largo":0},"geometry":{"type":"MultiLineString","coordinates":[[[-59.254308,-34.313158],[-59.257774,-34.31767],[-59.260085,-34.320695],[-59.261539,-34.323204],[-59.263847,-34.326587],[-59.265304,-34.328739],[-59.267738,-34.330486],[-59.268936,-34.333068],[-59.269062,-34.335191],[-59.26787,-34.337889],[-59.267493,-34.338805]]]}},{"type":"Feature","properties":{"UNION":1879,"TIPO":"CAMINO","NOMBRE":"CAMINO DE GILES A LA CAPILLA","OBSERVACIO":"MENSURA 91","largo":0},"geometry":{"type":"MultiLineString","coordinates":[[[-59.413529,-34.421683],[-59.416465,-34.423371],[-59.418908,-34.425192],[-59.42151,-34.427918],[-59.424054,-34.431051],[-59.425081,-34.432594],[-59.427034,-34.434277],[-59.428881,-34.435733],[-59.429694,-34.436505],[-59.43089,-34.43728],[-59.431815,-34.437782],[-59.433008,-34.438873],[-59.434097,-34.439376],[-59.435678,-34.439699],[-59.436278,-34.439838]]]}},{"type":"Feature","properties":{"UNION":1879,"TIPO":"CAMINO","NOMBRE":"CAMINO","OBSERVACIO":"MENSURA 91","largo":0},"geometry":{"type":"MultiLineString","coordinates":[[[-59.449007,-34.438494],[-59.447533,-34.438532],[-59.445951,-34.438299],[-59.444097,-34.438019],[-59.442514,-34.438012],[-59.440874,-34.438321],[-59.438795,-34.43899],[-59.436278,-34.439838],[-59.434362,-34.440553],[-59.431905,-34.440632],[-59.429065,-34.440754],[-59.425842,-34.441056],[-59.42338,-34.441768],[-59.419334,-34.442654],[-59.415342,-34.443449],[-59.411297,-34.444153],[-59.406542,-34.444808],[-59.403263,-34.445335],[-59.401137,-34.444873],[-59.398898,-34.444862],[-59.396441,-34.44485],[-59.394585,-34.444795],[-59.393443,-34.444156],[-59.39115,-34.444145],[-59.387712,-34.443992]]]}},{"type":"Feature","properties":{"UNION":1879,"TIPO":"CAMINO","NOMBRE":"CAMINO","OBSERVACIO":"MENSURA 91","largo":0},"geometry":{"type":"MultiLineString","coordinates":[[[-59.458286,-34.44731],[-59.456263,-34.447844],[-59.454568,-34.448198],[-59.452543,-34.448868],[-59.450244,-34.449717],[-59.448764,-34.45057],[-59.447285,-34.451332],[-59.446078,-34.452231],[-59.445037,-34.452679],[-59.442957,-34.453438],[-59.440659,-34.454242],[-59.438418,-34.454458],[-59.435849,-34.454853],[-59.433551,-34.455566],[-59.431307,-34.45628],[-59.428735,-34.457082],[-59.426164,-34.457793],[-59.423756,-34.458506],[-59.422222,-34.459268],[-59.421179,-34.460077],[-59.420411,-34.460571],[-59.415429,-34.462311]]]}},{"type":"Feature","properties":{"UNION":1879,"TIPO":"CAMINO","NOMBRE":"CAMINO","OBSERVACIO":"MENSURA 91","largo":0},"geometry":{"type":"MultiLineString","coordinates":[[[-59.453353,-34.4486],[-59.452111,-34.448142],[-59.450912,-34.447775],[-59.449985,-34.447635],[-59.449219,-34.447903],[-59.44823,-34.448758],[-59.446909,-34.450426],[-59.44548,-34.451867],[-59.445037,-34.452679],[-59.443991,-34.454031],[-59.443659,-34.454663],[-59.443488,-34.455793],[-59.443863,-34.45688],[-59.44429,-34.45833],[-59.444338,-34.45928],[-59.444435,-34.46118],[-59.444364,-34.463667],[-59.44407,-34.466742]]]}},{"type":"Feature","properties":{"UNION":1878,"TIPO":"CAMINO","NOMBRE":"CAMINO CHACABUCO A GILES","OBSERVACIO":"MENSURA 92","largo":0},"geometry":{"type":"MultiLineString","coordinates":[[[-59.709404,-34.542656],[-59.706413,-34.542553],[-59.702615,-34.542544],[-59.698587,-34.542582],[-59.696457,-34.542862],[-59.694097,-34.543047],[-59.692255,-34.543137],[-59.690473,-34.542799],[-59.688461,-34.542175],[-59.686335,-34.541456],[-59.684612,-34.540499],[-59.683178,-34.539448],[-59.68111,-34.53849],[-59.679731,-34.537963],[-59.678294,-34.537626],[-59.675649,-34.537143],[-59.673463,-34.536946],[-59.670643,-34.537177],[-59.665348,-34.537686],[-59.66126,-34.538246],[-59.659419,-34.538241],[-59.656428,-34.537995]]]}},{"type":"Feature","properties":{"UNION":0,"TIPO":"CAMINO","NOMBRE":"CAMINO DE CAPILLA A GILES","OBSERVACIO":"MENSURA 93","largo":0},"geometry":{"type":"MultiLineString","coordinates":[[[-59.416127,-34.415627],[-59.416385,-34.416163],[-59.41647,-34.416467],[-59.416573,-34.416728],[-59.416763,-34.417032],[-59.417299,-34.41757],[-59.417784,-34.418049],[-59.417938,-34.418585],[-59.418229,-34.41928],[-59.418523,-34.419758],[-59.418921,-34.420208],[-59.419492,-34.420847],[-59.419838,-34.421239],[-59.419924,-34.421441],[-59.420095,-34.421948],[-59.420249,-34.422368],[-59.420403,-34.422759],[-59.420644,-34.423179],[-59.420991,-34.423557],[-59.421406,-34.423949],[-59.422031,-34.424429]]]}},{"type":"Feature","properties":{"UNION":1884,"TIPO":"CAMINO","NOMBRE":"CAMINO A MERCEDES","OBSERVACIO":"MENSURA 127","largo":0},"geometry":{"type":"MultiLineString","coordinates":[[[-59.441889,-34.452928],[-59.443982,-34.455863],[-59.444975,-34.457647],[-59.445863,-34.459429],[-59.446578,-34.461412],[-59.446843,-34.463249],[-59.446759,-34.465401],[-59.446331,-34.467235],[-59.445765,-34.469125],[-59.445159,-34.471733],[-59.444767,-34.473396],[-59.444482,-34.474542],[-59.44448,-34.474886],[-59.444648,-34.475547],[-59.444641,-34.476637],[-59.444357,-34.477668],[-59.443999,-34.479445],[-59.443291,-34.481651],[-59.443111,-34.482712],[-59.442512,-34.484229],[-59.442157,-34.485576],[-59.442043,-34.487039],[-59.442071,-34.4881],[-59.44241,-34.489135],[-59.44282,-34.490026],[-59.443538,-34.491435],[-59.444016,-34.492527],[-59.444905,-34.494281],[-59.445242,-34.495717]]]}},{"type":"Feature","properties":{"UNION":1884,"TIPO":"CAMINO","NOMBRE":"CAMINO VECINAL","OBSERVACIO":"MENSURA 127","largo":0},"geometry":{"type":"MultiLineString","coordinates":[[[-59.452977,-34.452567],[-59.45437,-34.454123],[-59.455272,-34.45516],[-59.456746,-34.456177],[-59.457699,-34.457386],[-59.458835,-34.458467],[-59.459841,-34.459591],[-59.4602,-34.460259],[-59.460351,-34.461013],[-59.460762,-34.461854],[-59.461558,-34.463213],[-59.46269,-34.464896],[-59.463592,-34.466041],[-59.464521,-34.466991],[-59.46519,-34.468092],[-59.466116,-34.469537],[-59.466913,-34.470918],[-59.467579,-34.472362],[-59.468065,-34.473505],[-59.468838,-34.474605],[-59.46987,-34.47575],[-59.470435,-34.476764],[-59.471151,-34.478531],[-59.47179,-34.480277],[-59.471861,-34.481353],[-59.47219,-34.482667],[-59.472623,-34.484067],[-59.47331,-34.486437],[-59.47402,-34.489259]]]}},{"type":"Feature","properties":{"UNION":1884,"TIPO":"CAMINO","NOMBRE":"CAMINO A S A DE ARECO","OBSERVACIO":"MENSURA 127","largo":0},"geometry":{"type":"MultiLineString","coordinates":[[[-59.458147,-34.384017],[-59.457701,-34.384682],[-59.457773,-34.385629],[-59.457916,-34.387567],[-59.457909,-34.38875],[-59.45808,-34.390407],[-59.458119,-34.392366],[-59.457904,-34.393548],[-59.457816,-34.395097],[-59.457993,-34.395829],[-59.458222,-34.396583],[-59.458217,-34.397272],[-59.457795,-34.398281],[-59.457268,-34.399484],[-59.456795,-34.400385],[-59.455983,-34.401608],[-59.455431,-34.402682],[-59.455164,-34.403842],[-59.454713,-34.405239],[-59.454498,-34.406443],[-59.453945,-34.407581],[-59.453446,-34.408482],[-59.453256,-34.409751],[-59.452677,-34.411018],[-59.451862,-34.412542],[-59.450763,-34.413849],[-59.449848,-34.414835],[-59.448591,-34.416486],[-59.447545,-34.417579],[-59.446343,-34.418778],[-59.44595,-34.419314],[-59.44579,-34.419938],[-59.445767,-34.420345]]]}},{"type":"Feature","properties":{"UNION":1884,"TIPO":"CAMINO","NOMBRE":"CAMINO VECINAL","OBSERVACIO":"MENSURA 127","largo":0},"geometry":{"type":"MultiLineString","coordinates":[[[-59.442768,-34.386186],[-59.443488,-34.387308],[-59.444205,-34.388775],[-59.444402,-34.390303],[-59.444497,-34.391638],[-59.444486,-34.393316],[-59.444373,-34.394628],[-59.44382,-34.395852],[-59.443167,-34.39658],[-59.442019,-34.397371],[-59.440639,-34.398053],[-59.439701,-34.398609],[-59.43884,-34.399164],[-59.438161,-34.399806],[-59.437755,-34.40059]]]}},{"type":"Feature","properties":{"UNION":1884,"TIPO":"CAMINO","NOMBRE":"CAMINO VECINAL","OBSERVACIO":"MENSURA 127","largo":0},"geometry":{"type":"MultiLineString","coordinates":[[[-59.432206,-34.390398],[-59.433726,-34.392083],[-59.434752,-34.393895],[-59.435547,-34.395254],[-59.436292,-34.396484],[-59.436801,-34.397993],[-59.437258,-34.399501],[-59.437871,-34.400989],[-59.438486,-34.402153],[-59.439047,-34.403683],[-59.439533,-34.404805],[-59.440458,-34.406272],[-59.440965,-34.408103],[-59.44171,-34.409204],[-59.442559,-34.410413],[-59.443225,-34.411728],[-59.443374,-34.412848],[-59.443416,-34.41429],[-59.443746,-34.415367],[-59.444258,-34.416531],[-59.444946,-34.418471],[-59.445688,-34.420239]]]}},{"type":"Feature","properties":{"UNION":1884,"TIPO":"CAMINO","NOMBRE":"CAMINO A S A DE ARECO","OBSERVACIO":"MENSURA 127","largo":0},"geometry":{"type":"MultiLineString","coordinates":[[[-59.445767,-34.420345],[-59.446666,-34.422244],[-59.447043,-34.424263],[-59.447032,-34.425917],[-59.447209,-34.42858],[-59.447976,-34.430399],[-59.448157,-34.432458],[-59.449038,-34.435401]]]}},{"type":"Feature","properties":{"UNION":1884,"TIPO":"CAMINO","NOMBRE":"CAMINO AL CARMEN DE ARECO","OBSERVACIO":"MENSURA 127","largo":0},"geometry":{"type":"MultiLineString","coordinates":[[[-59.449038,-34.435401],[-59.44987,-34.435211],[-59.451169,-34.435174],[-59.453038,-34.435333],[-59.455399,-34.435559],[-59.456515,-34.435693],[-59.45789,-34.435914],[-59.458903,-34.435875],[-59.460202,-34.435752],[-59.461478,-34.435306],[-59.4626,-34.43445],[-59.46393,-34.433488],[-59.465235,-34.432547],[-59.466774,-34.431392],[-59.467739,-34.430707],[-59.468887,-34.42983],[-59.469539,-34.429403],[-59.470266,-34.429449],[-59.471614,-34.429756],[-59.472808,-34.429933],[-59.473898,-34.430002],[-59.475714,-34.430247],[-59.477609,-34.430427],[-59.479425,-34.430715],[-59.481007,-34.431022],[-59.482901,-34.431289],[-59.484822,-34.43134],[-59.487676,-34.431739],[-59.489803,-34.432092],[-59.492267,-34.43264],[-59.493953,-34.432927],[-59.49538,-34.433191],[-59.497845,-34.433481],[-59.499662,-34.433661],[-59.501946,-34.433842],[-59.503607,-34.433913],[-59.504568,-34.43396],[-59.505845,-34.433212],[-59.507564,-34.432316],[-59.510092,-34.430798],[-59.511655,-34.429901],[-59.512516,-34.429259]]]}},{"type":"Feature","properties":{"UNION":1884,"TIPO":"CAMINO","NOMBRE":"CAMINO A CAPILLA DEL SEÑOR","OBSERVACIO":"MENSURA 127","largo":0},"geometry":{"type":"MultiLineString","coordinates":[[[-59.373542,-34.411649],[-59.376026,-34.412759],[-59.379802,-34.414758],[-59.382546,-34.415848],[-59.38446,-34.416761],[-59.388166,-34.417726],[-59.391247,-34.418882],[-59.394223,-34.420317],[-59.396189,-34.421338],[-59.398235,-34.421951],[-59.399971,-34.42254],[-59.402533,-34.42365],[-59.40424,-34.424583],[-59.406932,-34.425823],[-59.409648,-34.427364],[-59.412001,-34.428688],[-59.414021,-34.429472],[-59.417259,-34.430692],[-59.419564,-34.431564],[-59.422464,-34.432761],[-59.425571,-34.43411],[-59.427254,-34.434828],[-59.430156,-34.435809],[-59.433213,-34.436856],[-59.436632,-34.438163],[-59.438368,-34.438709],[-59.440881,-34.439732]]]}},{"type":"Feature","properties":{"UNION":1884,"TIPO":"CAMINO","NOMBRE":"CAMINO A ESTACION AZCUENAGA","OBSERVACIO":"MENSURA 127","largo":0},"geometry":{"type":"MultiLineString","coordinates":[[[-59.440881,-34.439732],[-59.438948,-34.437442],[-59.437013,-34.435518],[-59.435776,-34.434157],[-59.434306,-34.432601],[-59.43268,-34.431131],[-59.430151,-34.428903],[-59.427436,-34.427169],[-59.425988,-34.42628],[-59.425005,-34.425737],[-59.42304,-34.424458],[-59.421231,-34.423288],[-59.420068,-34.422529],[-59.419501,-34.421817],[-59.41868,-34.420479],[-59.417935,-34.41927],[-59.417215,-34.418256],[-59.41665,-34.417414],[-59.415676,-34.41558],[-59.414856,-34.414092],[-59.414007,-34.412947],[-59.413364,-34.412019],[-59.41174,-34.41044],[-59.409986,-34.408711],[-59.408594,-34.407413],[-59.407485,-34.406289],[-59.406844,-34.40521],[-59.405893,-34.403893],[-59.405148,-34.402706],[-59.403783,-34.401214],[-59.402313,-34.39983],[-59.401023,-34.39877],[-59.399913,-34.397904]]]}},{"type":"Feature","properties":{"UNION":1856,"TIPO":"CAMINO","NOMBRE":"CAMINO FORTIN DE ARECO A GILES","OBSERVACIO":"MENSURA 5","largo":0},"geometry":{"type":"MultiLineString","coordinates":[[[-59.454568,-34.448198],[-59.457138,-34.447613],[-59.458866,-34.447194],[-59.461415,-34.446846],[-59.463907,-34.446857],[-59.46548,-34.446729],[-59.467922,-34.446201],[-59.469009,-34.445622],[-59.470644,-34.444193],[-59.471567,-34.443928],[-59.474657,-34.443672],[-59.476774,-34.443142],[-59.478136,-34.441981],[-59.479222,-34.441626],[-59.480581,-34.440869],[-59.482534,-34.440473],[-59.484326,-34.439942],[-59.485628,-34.439723],[-59.486987,-34.438965],[-59.488832,-34.438479],[-59.490406,-34.438127],[-59.492305,-34.437686],[-59.496752,-34.43703],[-59.498053,-34.436991],[-59.500494,-34.436507],[-59.5025,-34.436246],[-59.507216,-34.435996]]]}},{"type":"Feature","properties":{"UNION":1854,"TIPO":"CAMINO","NOMBRE":"CAMINO ZARATE A MERCEDES","OBSERVACIO":"MENSURA 6","largo":0},"geometry":{"type":"MultiLineString","coordinates":[[[-59.313436,-34.414612],[-59.313452,-34.412606],[-59.313947,-34.409869],[-59.313795,-34.406785],[-59.313934,-34.404192],[-59.314246,-34.40209],[-59.31485,-34.400527],[-59.316225,-34.398382],[-59.31683,-34.396575],[-59.317446,-34.393349]]]}},{"type":"Feature","properties":{"UNION":1854,"TIPO":"CAMINO","NOMBRE":"CAMINO ZARATE A GILES","OBSERVACIO":"MENSURA 6","largo":0},"geometry":{"type":"MultiLineString","coordinates":[[[-59.367385,-34.377665],[-59.36468,-34.376427],[-59.361498,-34.375677],[-59.357904,-34.374924],[-59.353892,-34.374756],[-59.349409,-34.374439],[-59.345874,-34.373735],[-59.342517,-34.372787]]]}},{"type":"Feature","properties":{"UNION":1854,"TIPO":"CAMINO","NOMBRE":"CAMINO DE ARECO POR LA POSTA","OBSERVACIO":"MENSURA 6","largo":0},"geometry":{"type":"MultiLineString","coordinates":[[[-59.377074,-34.368368],[-59.378092,-34.366416],[-59.378693,-34.364902],[-59.379716,-34.362167],[-59.380136,-34.36119],[-59.381803,-34.359241],[-59.383706,-34.357196],[-59.385491,-34.355101],[-59.387574,-34.352713],[-59.389891,-34.350523],[-59.391733,-34.34877],[-59.393037,-34.347798],[-59.394341,-34.347022]]]}},{"type":"Feature","properties":{"UNION":1856,"TIPO":"CAMINO","NOMBRE":"CAMIINO DE MERCEDES A ZARATE","OBSERVACIO":"MENSURA 9","largo":0},"geometry":{"type":"MultiLineString","coordinates":[[[-59.312819,-34.40216],[-59.31254,-34.400454],[-59.311514,-34.397631],[-59.310691,-34.395644],[-59.310077,-34.393797],[-59.309545,-34.392125],[-59.309307,-34.390489],[-59.308987,-34.388574],[-59.308378,-34.386101],[-59.307934,-34.383907],[-59.307948,-34.382273],[-59.307812,-34.378446]]]}},{"type":"Feature","properties":{"UNION":1856,"TIPO":"CAMINO","NOMBRE":"CAMINO DE S A DE ARECO A BA","OBSERVACIO":"MENSURA 9","largo":0},"geometry":{"type":"MultiLineString","coordinates":[[[-59.315667,-34.397724],[-59.316488,-34.394772],[-59.317132,-34.392932],[-59.318154,-34.391164],[-59.319681,-34.389016],[-59.321589,-34.386592],[-59.322818,-34.385069],[-59.324681,-34.382853],[-59.326291,-34.380914],[-59.327692,-34.378835],[-59.329436,-34.375888]]]}},{"type":"Feature","properties":{"UNION":1840,"TIPO":"CAMINO","NOMBRE":"CAMINO DE LA POSTA","OBSERVACIO":"MENSURA 10","largo":0},"geometry":{"type":"MultiLineString","coordinates":[[[-59.386402,-34.347774],[-59.387516,-34.345299],[-59.389281,-34.342496],[-59.390491,-34.340601],[-59.391996,-34.339161],[-59.395612,-34.335334],[-59.39707,-34.333605],[-59.398979,-34.331423],[-59.400384,-34.33019],[-59.401944,-34.328048],[-59.403805,-34.325576],[-59.404809,-34.324506],[-59.406458,-34.323853],[-59.408259,-34.322787],[-59.411022,-34.319699],[-59.413483,-34.316858],[-59.415394,-34.314346],[-59.417506,-34.311462]]]}},{"type":"Feature","properties":{"UNION":1856,"TIPO":"CAMINO","NOMBRE":"CAMINO A ARECO","OBSERVACIO":"MENSURA 10","largo":0},"geometry":{"type":"MultiLineString","coordinates":[[[-59.379141,-34.331986],[-59.380838,-34.331581],[-59.384183,-34.33073],[-59.387388,-34.328596],[-59.389144,-34.326992],[-59.390103,-34.325385],[-59.391914,-34.322955],[-59.394973,-34.320324],[-59.397832,-34.317651],[-59.400835,-34.315681],[-59.403789,-34.31367],[-59.407492,-34.311455],[-59.410848,-34.308949]]]}},{"type":"Feature","properties":{"UNION":1827,"TIPO":"CAMINO","NOMBRE":"CAMINO DE LAS GUARDIAS","OBSERVACIO":"MENSURA 13","largo":0},"geometry":{"type":"MultiLineString","coordinates":[[[-59.765661,-34.416429],[-59.757218,-34.4205],[-59.751162,-34.423784],[-59.745586,-34.426409],[-59.741276,-34.430883],[-59.731876,-34.434554],[-59.727096,-34.436653],[-59.715454,-34.444273],[-59.708121,-34.447947],[-59.693605,-34.457009],[-59.685306,-34.462921],[-59.673819,-34.469614],[-59.662485,-34.477626],[-59.651627,-34.485374],[-59.644436,-34.491418],[-59.625098,-34.507313],[-59.617906,-34.512828]]]}},{"type":"Feature","properties":{"UNION":1827,"TIPO":"CAMINO","NOMBRE":"CAMINO SALTO Y ARECO A CIUDAD","OBSERVACIO":"MENSURA 13","largo":0},"geometry":{"type":"MultiLineString","coordinates":[[[-59.727431,-34.382335],[-59.713908,-34.384281],[-59.70325,-34.385179],[-59.693697,-34.388056],[-59.686058,-34.389619],[-59.679847,-34.391844],[-59.669336,-34.395376],[-59.659777,-34.399437],[-59.64831,-34.402964],[-59.634451,-34.40767],[-59.621546,-34.412113],[-59.618998,-34.412896]]]}},{"type":"Feature","properties":{"UNION":1880,"TIPO":"CAMINO","NOMBRE":"CAMINO A LUJAN","OBSERVACIO":"MENSURA 109","largo":0},"geometry":{"type":"MultiLineString","coordinates":[[[-59.392605,-34.517774],[-59.389054,-34.518458],[-59.385882,-34.519393],[-59.382211,-34.520844],[-59.379584,-34.52149],[-59.376269,-34.521961]]]}},{"type":"Feature","properties":{"UNION":1880,"TIPO":"CAMINO","NOMBRE":"CAMINO","OBSERVACIO":"MENSURA 109","largo":0},"geometry":{"type":"MultiLineString","coordinates":[[[-59.386596,-34.520315],[-59.385166,-34.518701],[-59.384246,-34.515667],[-59.383102,-34.512815]]]}},{"type":"Feature","properties":{"UNION":1881,"TIPO":"CAMINO","NOMBRE":"CAMINO DEL C DE ARECO A GILES","OBSERVACIO":"MENSURA 111","largo":0},"geometry":{"type":"MultiLineString","coordinates":[[[-59.625716,-34.427239],[-59.624768,-34.426988],[-59.624221,-34.426655],[-59.623824,-34.426116],[-59.623434,-34.425376],[-59.622632,-34.424789],[-59.621586,-34.424248],[-59.62019,-34.423871],[-59.618792,-34.423743],[-59.618195,-34.42341],[-59.617547,-34.423242],[-59.613402,-34.423519],[-59.611306,-34.423347],[-59.61006,-34.422888],[-59.608063,-34.42284],[-59.606014,-34.423288],[-59.604613,-34.423946],[-59.602762,-34.42485],[-59.601361,-34.42559],[-59.600063,-34.425544],[-59.599313,-34.425707],[-59.597714,-34.426074],[-59.595749,-34.426292],[-59.594367,-34.426518]]]}},{"type":"Feature","properties":{"UNION":1881,"TIPO":"CAMINO","NOMBRE":"CAMINO DEL C DE ARECO A GILES","OBSERVACIO":"MENSURA 111","largo":0},"geometry":{"type":"MultiLineString","coordinates":[[[-59.604613,-34.423946],[-59.603266,-34.4239],[-59.601917,-34.424144],[-59.599969,-34.424344],[-59.59857,-34.424588],[-59.596971,-34.424914],[-59.595023,-34.425155],[-59.593322,-34.42577]]]}},{"type":"Feature","properties":{"UNION":0,"TIPO":"CAMINO","NOMBRE":"CAMINO MERCEDES AL CARMEN","OBSERVACIO":"1880","largo":0},"geometry":{"type":"MultiLineString","coordinates":[[[-59.557133,-34.542998],[-59.557378,-34.541246],[-59.557501,-34.540224],[-59.557978,-34.538911],[-59.558633,-34.537405],[-59.558551,-34.535806],[-59.558825,-34.534485],[-59.559771,-34.533709],[-59.560617,-34.533018],[-59.561606,-34.531525],[-59.56226,-34.530164],[-59.56303,-34.529096]]]}},{"type":"Feature","properties":{"UNION":1882,"TIPO":"CAMINO","NOMBRE":"CAMINO SAN ANTONIO A LUJAN","OBSERVACIO":"MENSURA 121","largo":0},"geometry":{"type":"MultiLineString","coordinates":[[[-59.276217,-34.432967],[-59.274023,-34.434034],[-59.272861,-34.435361],[-59.270857,-34.43662],[-59.269314,-34.437754],[-59.267532,-34.43984],[-59.265672,-34.442053],[-59.264429,-34.443951],[-59.262532,-34.445972],[-59.260675,-34.447899],[-59.25786,-34.449661],[-59.254782,-34.450849],[-59.250478,-34.451839]]]}},{"type":"Feature","properties":{"UNION":1882,"TIPO":"FERROCARRIL","NOMBRE":"FERRO-CARRIL ARRECIFES A LUJAN","OBSERVACIO":"MENSURA 121","largo":0},"geometry":{"type":"MultiLineString","coordinates":[[[-59.270174,-34.453388],[-59.24734,-34.468242]]]}},{"type":"Feature","properties":{"UNION":1882,"TIPO":"FERROCARRIL","NOMBRE":"FERRO-CARRIL ARRECIFES A LUJAN","OBSERVACIO":"MENSURA 122","largo":0},"geometry":{"type":"MultiLineString","coordinates":[[[-59.361407,-34.37983],[-59.346376,-34.394574],[-59.337211,-34.403546],[-59.308117,-34.424477]]]}},{"type":"Feature","properties":{"UNION":1882,"TIPO":"CAMINO","NOMBRE":"CAMINO DE GILES A CAPILLA D S","OBSERVACIO":"MENSURA 122","largo":0},"geometry":{"type":"MultiLineString","coordinates":[[[-59.355104,-34.402286],[-59.352409,-34.40062],[-59.351278,-34.399501],[-59.349614,-34.3987],[-59.348156,-34.396451],[-59.347081,-34.395806],[-59.343404,-34.395617],[-59.341975,-34.395482],[-59.340497,-34.395008],[-59.338203,-34.394318],[-59.336115,-34.393418]]]}},{"type":"Feature","properties":{"UNION":1882,"TIPO":"CAMINO","NOMBRE":"CAMINO A MERCEDES","OBSERVACIO":"MENSURA 125","largo":0},"geometry":{"type":"MultiLineString","coordinates":[[[-59.653698,-34.533665],[-59.64995,-34.532716],[-59.646839,-34.531477],[-59.642627,-34.531377],[-59.637526,-34.532123],[-59.633808,-34.532317],[-59.628177,-34.532857],[-59.624564,-34.533198],[-59.620306,-34.535294],[-59.615831,-34.538385],[-59.609295,-34.542964],[-59.604823,-34.545323],[-59.599893,-34.547124],[-59.592054,-34.54991]]]}},{"type":"Feature","properties":{"UNION":1883,"TIPO":"CAMINO","NOMBRE":"CAMINO A CHACABUCO","OBSERVACIO":"MENSURA 129","largo":0},"geometry":{"type":"MultiLineString","coordinates":[[[-59.654482,-34.533929],[-59.651035,-34.534123],[-59.648365,-34.533359],[-59.643589,-34.531977],[-59.643308,-34.531918]]]}},{"type":"Feature","properties":{"UNION":1883,"TIPO":"CAMINO","NOMBRE":"CAMINO DE LAS PROVINCIAS A BA","OBSERVACIO":"MENSURA 133","largo":0},"geometry":{"type":"MultiLineString","coordinates":[[[-59.351656,-34.321064],[-59.346191,-34.322054],[-59.335669,-34.324374],[-59.325144,-34.32692],[-59.314479,-34.329804],[-59.306141,-34.331681],[-59.301632,-34.332448]]]}},{"type":"Feature","properties":{"UNION":1884,"TIPO":"CAMINO","NOMBRE":"CAMINO SANTA FE A BA","OBSERVACIO":"MENSURA 135","largo":0},"geometry":{"type":"MultiLineString","coordinates":[[[-59.306102,-34.329351],[-59.30161,-34.331121],[-59.296481,-34.332643],[-59.290712,-34.334079],[-59.283168,-34.335994],[-59.276118,-34.337667],[-59.27158,-34.338946]]]}},{"type":"Feature","properties":{"UNION":1884,"TIPO":"FERROCARRIL","NOMBRE":"F.C.T.","OBSERVACIO":"MENSURA 136","largo":0},"geometry":{"type":"MultiLineString","coordinates":[[[-59.640157,-34.611364],[-59.63545,-34.611605],[-59.630463,-34.611775],[-59.623433,-34.6118]]]}},{"type":"Feature","properties":{"UNION":1884,"TIPO":"CAMINO","NOMBRE":"CAMINO A LUJAN","OBSERVACIO":"MENSURA 138","largo":0},"geometry":{"type":"MultiLineString","coordinates":[[[-59.401949,-34.466815],[-59.398148,-34.472146],[-59.396952,-34.472764],[-59.394482,-34.476128],[-59.391199,-34.479176],[-59.389177,-34.481191],[-59.385764,-34.484758],[-59.382917,-34.488068],[-59.381647,-34.490087],[-59.378614,-34.493136],[-59.375453,-34.49634],[-59.371854,-34.49949],[-59.366935,-34.502892],[-59.362701,-34.506818],[-59.357587,-34.511102],[-59.353416,-34.514871],[-59.350073,-34.517139]]]}},{"type":"Feature","properties":{"UNION":1885,"TIPO":"CAMINO","NOMBRE":"MERCEDES A SAN ANDRES DE GILES","OBSERVACIO":"MENSURA 139","largo":0},"geometry":{"type":"MultiLineString","coordinates":[[[-59.427563,-34.544974],[-59.426893,-34.545648],[-59.426506,-34.546154],[-59.426043,-34.546763],[-59.425885,-34.54723],[-59.425905,-34.547993],[-59.426254,-34.549285],[-59.426352,-34.549963],[-59.426421,-34.551085],[-59.426311,-34.552206],[-59.425972,-34.553073],[-59.425608,-34.55396],[-59.425297,-34.554509]]]}},{"type":"Feature","properties":{"UNION":1885,"TIPO":"FERROCARRIL","NOMBRE":"F.C. A SAN NICOLAS","OBSERVACIO":"MENSURA 142","largo":0},"geometry":{"type":"MultiLineString","coordinates":[[[-59.320486,-34.421956],[-59.309778,-34.428443]]]}},{"type":"Feature","properties":{"UNION":1886,"TIPO":"CAMINO","NOMBRE":"C A LA ESTACION AZCUENAGA","OBSERVACIO":"MENSURA 144","largo":0},"geometry":{"type":"MultiLineString","coordinates":[[[-59.418259,-34.417705],[-59.417686,-34.416486],[-59.416515,-34.414573],[-59.415641,-34.413643],[-59.414463,-34.412571],[-59.413791,-34.411922],[-59.413118,-34.411358],[-59.411739,-34.410061],[-59.410426,-34.408988],[-59.409285,-34.407467],[-59.408684,-34.406314],[-59.408119,-34.404824],[-59.407652,-34.403868]]]}},{"type":"Feature","properties":{"UNION":1886,"TIPO":"CAMINO","NOMBRE":"C A LA CAPILLA DEL SEÑOR","OBSERVACIO":"MENSURA 144","largo":0},"geometry":{"type":"MultiLineString","coordinates":[[[-59.393582,-34.420887],[-59.390882,-34.419723],[-59.389329,-34.419042],[-59.387204,-34.417965],[-59.384505,-34.416661],[-59.381198,-34.415101]]]}},{"type":"Feature","properties":{"UNION":1886,"TIPO":"CAMINO","NOMBRE":"CAMINO VECINAL","OBSERVACIO":"MENSURA 145","largo":0},"geometry":{"type":"MultiLineString","coordinates":[[[-59.474461,-34.485358],[-59.473266,-34.485353],[-59.472328,-34.48497],[-59.471647,-34.484252],[-59.471059,-34.483204],[-59.470543,-34.481953],[-59.46992,-34.480014],[-59.469269,-34.478454],[-59.468264,-34.47664],[-59.46713,-34.47512],[-59.466226,-34.473475],[-59.464843,-34.471196],[-59.463407,-34.469211],[-59.462149,-34.467312],[-59.460866,-34.465265],[-59.460039,-34.463452],[-59.458882,-34.461763],[-59.457572,-34.459968],[-59.45654,-34.458512],[-59.455458,-34.45695],[-59.454377,-34.455198],[-59.453495,-34.454037],[-59.452484,-34.453275],[-59.451832,-34.451925],[-59.451309,-34.450365],[-59.450934,-34.449333],[-59.450739,-34.448153]]]}},{"type":"Feature","properties":{"UNION":1886,"TIPO":"CAMINO","NOMBRE":"CAMINO MERCEDES A GILES","OBSERVACIO":"MENSURA 145","largo":0},"geometry":{"type":"MultiLineString","coordinates":[[[-59.441741,-34.488569],[-59.442244,-34.484306],[-59.442424,-34.482708],[-59.442644,-34.480267],[-59.442826,-34.478304],[-59.443075,-34.476538],[-59.443325,-34.474547],[-59.443745,-34.472641],[-59.444026,-34.471042],[-59.444753,-34.468689],[-59.445113,-34.465492],[-59.445229,-34.463304],[-59.444836,-34.461394],[-59.444676,-34.459906],[-59.443874,-34.458275],[-59.442599,-34.456445],[-59.441625,-34.455094],[-59.440653,-34.453547]]]}},{"type":"Feature","properties":{"UNION":1886,"TIPO":"TELÉGRAFO","NOMBRE":"TELÉGRAFO","OBSERVACIO":"MENSURA 145","largo":0},"geometry":{"type":"MultiLineString","coordinates":[[[-59.46358,-34.492997],[-59.466936,-34.480827],[-59.456273,-34.465611]]]}},{"type":"Feature","properties":{"UNION":1886,"TIPO":"CAMINO","NOMBRE":"CAMINO A CAPILLA DEL SEÑOR","OBSERVACIO":"MENSURA 146","largo":0},"geometry":{"type":"MultiLineString","coordinates":[[[-59.372508,-34.410128],[-59.371024,-34.40926],[-59.369314,-34.408653],[-59.36765,-34.407859],[-59.366437,-34.407067],[-59.364638,-34.40616],[-59.362927,-34.405664],[-59.361331,-34.405351],[-59.360091,-34.404565],[-59.357617,-34.403542]]]}},{"type":"Feature","properties":{"UNION":0,"TIPO":"CAMINO","NOMBRE":"CAMINO A CAPILLA DEL SEÑOR","OBSERVACIO":"MENSURA 147","largo":0},"geometry":{"type":"MultiLineString","coordinates":[[[-59.368319,-34.402395],[-59.365739,-34.401384],[-59.364479,-34.400779],[-59.361661,-34.399517]]]}},{"type":"Feature","properties":{"UNION":1885,"TIPO":"CAMINO","NOMBRE":"CAMINO DE CAPILLA A LA EST ZAR","OBSERVACIO":"MENSURA 151","largo":0},"geometry":{"type":"MultiLineString","coordinates":[[[-59.208388,-34.360146],[-59.208508,-34.360138],[-59.208625,-34.360136],[-59.208738,-34.36014],[-59.208848,-34.360149],[-59.208922,-34.360161],[-59.208994,-34.360178],[-59.209064,-34.360202],[-59.209132,-34.360233],[-59.209198,-34.36027],[-59.209263,-34.360313],[-59.209328,-34.360363],[-59.209391,-34.36042],[-59.209443,-34.360473],[-59.209495,-34.360531],[-59.209548,-34.360595],[-59.209603,-34.360666],[-59.209704,-34.360807],[-59.209886,-34.361076],[-59.209959,-34.361182],[-59.210036,-34.361287],[-59.210108,-34.361378],[-59.210192,-34.361472],[-59.210234,-34.361515],[-59.210275,-34.361554],[-59.210317,-34.361591],[-59.210359,-34.361625],[-59.210401,-34.361657],[-59.210444,-34.361686],[-59.210529,-34.361738],[-59.210621,-34.361789],[-59.21072,-34.361839],[-59.210827,-34.361889],[-59.210938,-34.361938],[-59.211063,-34.361989],[-59.211559,-34.36218],[-59.211769,-34.362265],[-59.21188,-34.362314],[-59.211981,-34.362363],[-59.212075,-34.362411],[-59.212163,-34.36246],[-59.212292,-34.36254],[-59.212422,-34.362629],[-59.212553,-34.362728],[-59.212688,-34.362838],[-59.212819,-34.362951],[-59.21296,-34.363081],[-59.213103,-34.363217],[-59.213492,-34.363594],[-59.213613,-34.363707],[-59.213723,-34.363807],[-59.213852,-34.363918],[-59.213976,-34.364018],[-59.214098,-34.364108],[-59.214218,-34.364191],[-59.214354,-34.364277],[-59.214496,-34.36436],[-59.214645,-34.364442],[-59.214801,-34.364521],[-59.214964,-34.364598],[-59.215134,-34.364673],[-59.215313,-34.364747],[-59.215502,-34.36482],[-59.215671,-34.364883],[-59.21585,-34.364945],[-59.21604,-34.365008],[-59.216245,-34.365074],[-59.216643,-34.365195],[-59.217396,-34.365415],[-59.217698,-34.365505],[-59.218008,-34.365601],[-59.218283,-34.365692],[-59.21844,-34.365746],[-59.21859,-34.3658],[-59.218733,-34.365854],[-59.218871,-34.365908],[-59.219004,-34.365963],[-59.219132,-34.366018],[-59.219257,-34.366075],[-59.219377,-34.366132],[-59.219938,-34.366408],[-59.220339,-34.36661],[-59.220699,-34.366798],[-59.220864,-34.366887],[-59.221022,-34.366975],[-59.221179,-34.367064],[-59.22133,-34.367153],[-59.221475,-34.367241],[-59.221614,-34.367328],[-59.221748,-34.367415],[-59.221878,-34.367502],[-59.222003,-34.367589],[-59.222124,-34.367676],[-59.222207,-34.367739],[-59.222291,-34.367805],[-59.222374,-34.367874],[-59.222458,-34.367946],[-59.222541,-34.368022],[-59.222625,-34.368101],[-59.22271,-34.368183],[-59.222796,-34.36827],[-59.222962,-34.368445],[-59.22314,-34.368643],[-59.223319,-34.36885],[-59.22381,-34.369428],[-59.223963,-34.369602],[-59.224104,-34.369756],[-59.22427,-34.369929],[-59.22443,-34.370087],[-59.224588,-34.370231],[-59.224666,-34.370299],[-59.224745,-34.370364],[-59.224845,-34.370441],[-59.224955,-34.370519],[-59.225074,-34.370598],[-59.225206,-34.37068],[-59.22533,-34.370752],[-59.225471,-34.370831],[-59.225982,-34.371105],[-59.226183,-34.371216],[-59.226289,-34.371277],[-59.226386,-34.371335],[-59.226475,-34.371392],[-59.226559,-34.371447],[-59.226655,-34.371515],[-59.226744,-34.371583],[-59.226826,-34.37165],[-59.226901,-34.371718],[-59.226971,-34.371787],[-59.227035,-34.371857],[-59.227093,-34.371928],[-59.227146,-34.372001],[-59.22718,-34.372052],[-59.227212,-34.372108],[-59.227244,-34.372167],[-59.227276,-34.372231],[-59.227334,-34.372364],[-59.227442,-34.372633],[-59.227489,-34.372744],[-59.227543,-34.372858],[-59.227598,-34.372958],[-59.227648,-34.373039],[-59.227704,-34.373121],[-59.227764,-34.373203],[-59.227828,-34.373284],[-59.227898,-34.373366],[-59.227973,-34.373449],[-59.228054,-34.373532],[-59.22814,-34.373617],[-59.228222,-34.373694],[-59.228309,-34.373772],[-59.228403,-34.373854],[-59.228506,-34.37394],[-59.22871,-34.374106],[-59.229108,-34.374419],[-59.229269,-34.374547],[-59.229433,-34.374683],[-59.229576,-34.374806],[-59.229733,-34.37495],[-59.229805,-34.37502],[-59.229872,-34.375089],[-59.229936,-34.375157],[-59.229996,-34.375224],[-59.230053,-34.375291],[-59.230107,-34.375358],[-59.23016,-34.37543],[-59.230213,-34.375503],[-59.230265,-34.37558],[-59.230315,-34.375659],[-59.230366,-34.375742],[-59.230415,-34.375828],[-59.230514,-34.376013],[-59.230595,-34.376177],[-59.230682,-34.376361],[-59.23095,-34.376971],[-59.231049,-34.377191],[-59.231151,-34.3774],[-59.231249,-34.377587],[-59.231301,-34.377679],[-59.231354,-34.377768],[-59.231408,-34.377853],[-59.231462,-34.377934],[-59.231518,-34.378013],[-59.231574,-34.378088],[-59.231632,-34.378161],[-59.231691,-34.378231],[-59.231884,-34.378445],[-59.232072,-34.378644],[-59.232258,-34.37883],[-59.23235,-34.378918],[-59.232442,-34.379003],[-59.232534,-34.379085],[-59.232626,-34.379164],[-59.232718,-34.37924],[-59.232809,-34.379313],[-59.232901,-34.379383],[-59.232992,-34.37945],[-59.233084,-34.379514],[-59.233175,-34.379575],[-59.233252,-34.379624],[-59.233333,-34.379672],[-59.233417,-34.379719],[-59.233504,-34.379765],[-59.233596,-34.37981],[-59.233692,-34.379855],[-59.233794,-34.379899],[-59.2339,-34.379943],[-59.234088,-34.380016],[-59.234301,-34.380093],[-59.234509,-34.380164],[-59.235031,-34.380339],[-59.235306,-34.380436],[-59.235446,-34.380488],[-59.235576,-34.380539],[-59.235697,-34.38059],[-59.235812,-34.380641],[-59.236064,-34.380761],[-59.236317,-34.380888],[-59.236572,-34.381023],[-59.236828,-34.381166],[-59.237087,-34.381318],[-59.23735,-34.381478],[-59.237618,-34.381648],[-59.237892,-34.381829],[-59.238132,-34.381992],[-59.23838,-34.382165],[-59.238638,-34.38235],[-59.238912,-34.38255],[-59.239159,-34.382734],[-59.239433,-34.38294],[-59.2404,-34.383677],[-59.240788,-34.38397],[-59.241191,-34.384268],[-59.241557,-34.384532],[-59.241769,-34.384682],[-59.241975,-34.384823],[-59.242175,-34.384958],[-59.242372,-34.385087],[-59.242566,-34.385211],[-59.242757,-34.38533],[-59.242945,-34.385443],[-59.243132,-34.385552],[-59.243474,-34.385745],[-59.243837,-34.385941],[-59.244223,-34.386142],[-59.244641,-34.386352],[-59.245005,-34.386531],[-59.245414,-34.386728],[-59.246742,-34.387355],[-59.247213,-34.38758],[-59.247658,-34.387797],[-59.248059,-34.387996],[-59.248434,-34.388189],[-59.248785,-34.388376],[-59.249117,-34.388559],[-59.249433,-34.38874],[-59.249771,-34.388935],[-59.250522,-34.389359],[-59.250853,-34.389549],[-59.251198,-34.389753],[-59.251502,-34.38994],[-59.251668,-34.390047],[-59.251826,-34.390151],[-59.251976,-34.390254],[-59.25212,-34.390356],[-59.252258,-34.390458],[-59.25239,-34.39056],[-59.252516,-34.390661],[-59.252637,-34.390763],[-59.252805,-34.390909],[-59.25297,-34.391058],[-59.253131,-34.39121],[-59.25329,-34.391365],[-59.253445,-34.391522],[-59.253597,-34.391682],[-59.253746,-34.391845],[-59.253892,-34.392011]]]}},{"type":"Feature","properties":{"UNION":1885,"TIPO":"CAMINO","NOMBRE":"CAMINO DE CAPILLA A STA. FE","OBSERVACIO":"MENSURA 151","largo":0},"geometry":{"type":"MultiLineString","coordinates":[[[-59.221326,-34.366812],[-59.221539,-34.366803],[-59.22175,-34.366793],[-59.221962,-34.36678],[-59.222173,-34.366766],[-59.222383,-34.36675],[-59.222593,-34.366732],[-59.222803,-34.366713],[-59.223012,-34.366691],[-59.22322,-34.366667],[-59.223428,-34.366642],[-59.223636,-34.366615],[-59.223843,-34.366586],[-59.224049,-34.366555],[-59.224255,-34.366523],[-59.224461,-34.366488],[-59.224666,-34.366452],[-59.224842,-34.366419],[-59.22502,-34.366383],[-59.225384,-34.366306],[-59.225758,-34.366219],[-59.226146,-34.366121],[-59.226546,-34.366014],[-59.226966,-34.365895],[-59.227411,-34.365763],[-59.227895,-34.365613],[-59.228256,-34.365497],[-59.228619,-34.365374],[-59.228985,-34.365244],[-59.229354,-34.365108],[-59.229726,-34.364964],[-59.230102,-34.364814],[-59.230481,-34.364656],[-59.230864,-34.364491],[-59.231251,-34.36432],[-59.231642,-34.36414],[-59.232039,-34.363953],[-59.232442,-34.363758],[-59.232852,-34.363554],[-59.233269,-34.363341],[-59.233695,-34.363119],[-59.234132,-34.362886],[-59.234478,-34.362698],[-59.234812,-34.362514],[-59.235136,-34.362332],[-59.23545,-34.362152],[-59.235755,-34.361974],[-59.236052,-34.361797],[-59.236341,-34.361622],[-59.236623,-34.361447],[-59.236898,-34.361272],[-59.237167,-34.361097],[-59.237429,-34.360923],[-59.237684,-34.360749],[-59.237933,-34.360575],[-59.238176,-34.360401],[-59.238413,-34.360227],[-59.238645,-34.360052],[-59.238744,-34.359973],[-59.238845,-34.359887],[-59.238948,-34.359794],[-59.239055,-34.359691],[-59.239154,-34.359591],[-59.239263,-34.359478],[-59.239657,-34.359053],[-59.239822,-34.35888],[-59.239913,-34.358789],[-59.239999,-34.358705],[-59.240082,-34.358628],[-59.240164,-34.358557],[-59.240264,-34.358474],[-59.240363,-34.358397],[-59.240462,-34.358328],[-59.24056,-34.358264],[-59.24066,-34.358205],[-59.24076,-34.358152],[-59.240861,-34.358105],[-59.240964,-34.358063],[-59.241018,-34.358043],[-59.241077,-34.358024],[-59.241208,-34.357987],[-59.241336,-34.357957],[-59.241636,-34.357892],[-59.241776,-34.357857],[-59.241896,-34.357821],[-59.241951,-34.357803],[-59.242001,-34.357783],[-59.242063,-34.357756],[-59.242125,-34.357726],[-59.242185,-34.357694],[-59.242245,-34.357657],[-59.242304,-34.357618],[-59.242363,-34.357576],[-59.242423,-34.35753],[-59.242482,-34.35748],[-59.242539,-34.357429],[-59.242597,-34.357374],[-59.242656,-34.357314],[-59.242718,-34.357249],[-59.24284,-34.357114],[-59.243075,-34.356841],[-59.243175,-34.356729],[-59.243281,-34.356614],[-59.24338,-34.356516],[-59.243441,-34.356461],[-59.2435,-34.356409],[-59.243559,-34.356362],[-59.243618,-34.356317],[-59.243677,-34.356277],[-59.243736,-34.356239],[-59.243796,-34.356204],[-59.243857,-34.356173],[-59.243929,-34.356139],[-59.244006,-34.356106],[-59.244089,-34.356074],[-59.244179,-34.356042],[-59.244269,-34.356013],[-59.24437,-34.355982],[-59.244762,-34.35587],[-59.244927,-34.35582],[-59.245014,-34.355791],[-59.245095,-34.355763],[-59.24517,-34.355734],[-59.245241,-34.355704],[-59.245335,-34.355662],[-59.24543,-34.355617],[-59.245525,-34.355569],[-59.245622,-34.355519],[-59.24572,-34.355465],[-59.245819,-34.355408],[-59.246026,-34.355283],[-59.246216,-34.355161],[-59.246426,-34.355021],[-59.247208,-34.354476],[-59.247433,-34.354318],[-59.247662,-34.354149],[-59.247898,-34.353967],[-59.248145,-34.353769],[-59.248379,-34.353576],[-59.248634,-34.353358],[-59.248891,-34.353135],[-59.249581,-34.352531],[-59.24979,-34.352351],[-59.24998,-34.35219],[-59.250199,-34.352009],[-59.250406,-34.351842],[-59.250606,-34.351686],[-59.2508,-34.351541],[-59.250958,-34.351426],[-59.251119,-34.351312],[-59.251283,-34.351199],[-59.251451,-34.351086],[-59.251623,-34.350973],[-59.251798,-34.350862],[-59.251977,-34.35075],[-59.25216,-34.350639],[-59.252346,-34.350527],[-59.252537,-34.350416],[-59.252732,-34.350305],[-59.252932,-34.350194],[-59.253137,-34.350082],[-59.253347,-34.34997],[-59.253563,-34.349857],[-59.253784,-34.349744],[-59.254151,-34.34956],[-59.254538,-34.349371],[-59.254948,-34.349175],[-59.255391,-34.348969],[-59.255779,-34.348792],[-59.256213,-34.348596],[-59.257648,-34.347956],[-59.258174,-34.34772],[-59.258686,-34.347487],[-59.259145,-34.347274],[-59.259611,-34.347052],[-59.260046,-34.34684],[-59.260457,-34.346632],[-59.260846,-34.346429],[-59.261211,-34.346231],[-59.261561,-34.346035],[-59.261896,-34.345839],[-59.262219,-34.345642],[-59.26253,-34.345445],[-59.262829,-34.345246],[-59.263118,-34.345046],[-59.263397,-34.344843],[-59.264135,-34.344295],[-59.264565,-34.343971],[-59.264962,-34.343663],[-59.265143,-34.34352],[-59.265315,-34.343381],[-59.26549,-34.343236],[-59.265656,-34.343095],[-59.265816,-34.342957],[-59.265969,-34.34282],[-59.266116,-34.342685],[-59.266258,-34.342551],[-59.266394,-34.342418],[-59.266525,-34.342286],[-59.266632,-34.342173],[-59.26674,-34.342054],[-59.266851,-34.341926],[-59.266964,-34.34179],[-59.267081,-34.341644],[-59.267207,-34.341482],[-59.267702,-34.340827],[-59.267919,-34.340547],[-59.268041,-34.340397],[-59.268158,-34.340258],[-59.268272,-34.340129],[-59.268385,-34.340008],[-59.268651,-34.339733],[-59.268923,-34.339463],[-59.269201,-34.339197],[-59.269485,-34.338935],[-59.269775,-34.338677],[-59.270071,-34.338424],[-59.270373,-34.338175],[-59.270681,-34.33793],[-59.270995,-34.33769],[-59.271316,-34.337453],[-59.271642,-34.337222],[-59.271974,-34.336994],[-59.272312,-34.33677],[-59.272657,-34.336551],[-59.273007,-34.336336],[-59.273364,-34.336126]]]}},{"type":"Feature","properties":{"UNION":1890,"TIPO":"CAMINO","NOMBRE":"CAMINO A LA CAPILLA DEL SEÑOR","OBSERVACIO":"MENSURA 154","largo":0},"geometry":{"type":"MultiLineString","coordinates":[[[-59.371876,-34.40904],[-59.371834,-34.409051],[-59.371793,-34.409058],[-59.371753,-34.409061],[-59.371715,-34.409059],[-59.371698,-34.409056],[-59.371682,-34.409051],[-59.371648,-34.409034],[-59.371616,-34.409013],[-59.371534,-34.40895],[-59.371509,-34.408935],[-59.371485,-34.408924],[-59.371452,-34.408912],[-59.371416,-34.408903],[-59.371377,-34.408897],[-59.371333,-34.408892],[-59.371249,-34.40889],[-59.371091,-34.408893],[-59.371028,-34.408893],[-59.370965,-34.40889],[-59.37091,-34.408883],[-59.370849,-34.40887],[-59.370782,-34.408853],[-59.370708,-34.408831],[-59.370491,-34.408761],[-59.370422,-34.408741],[-59.370359,-34.408727],[-59.370257,-34.408711],[-59.370142,-34.4087],[-59.370019,-34.408694],[-59.369771,-34.408689],[-59.369666,-34.408685],[-59.369558,-34.408677],[-59.369462,-34.408665],[-59.369336,-34.408644],[-59.369206,-34.408619],[-59.369072,-34.408589],[-59.368933,-34.408554],[-59.36879,-34.408514],[-59.368638,-34.408468],[-59.368474,-34.408416],[-59.36829,-34.408354],[-59.368014,-34.40826],[-59.367842,-34.408196],[-59.367762,-34.408163],[-59.367689,-34.40813],[-59.36762,-34.408098],[-59.367555,-34.408064],[-59.3675,-34.408032],[-59.36744,-34.407995],[-59.36723,-34.407851],[-59.367143,-34.407795],[-59.367063,-34.407747],[-59.36698,-34.407701],[-59.366894,-34.407655],[-59.366804,-34.407609],[-59.366615,-34.407519],[-59.366407,-34.407428],[-59.366223,-34.407353],[-59.366016,-34.407272],[-59.365303,-34.407009],[-59.365032,-34.406906],[-59.364906,-34.406858],[-59.364775,-34.40681],[-59.364485,-34.40671],[-59.364196,-34.406616],[-59.363445,-34.406378],[-59.363226,-34.406306],[-59.363032,-34.406239],[-59.362815,-34.406159],[-59.362616,-34.40608],[-59.362429,-34.406],[-59.362254,-34.405919],[-59.362091,-34.405836],[-59.361738,-34.405647],[-59.361589,-34.405572],[-59.361511,-34.405536],[-59.361428,-34.405501],[-59.36134,-34.405467],[-59.361243,-34.405432],[-59.361058,-34.405372],[-59.360583,-34.405226],[-59.36045,-34.405182],[-59.360333,-34.405138],[-59.360206,-34.405086],[-59.360091,-34.405032],[-59.359986,-34.404975],[-59.35989,-34.404914],[-59.359774,-34.404829],[-59.35973,-34.404799],[-59.359674,-34.404767],[-59.359613,-34.404739],[-59.359546,-34.404713],[-59.359471,-34.404691],[-59.359402,-34.404673],[-59.359324,-34.404656],[-59.359048,-34.404606],[-59.35894,-34.404584],[-59.358834,-34.404557],[-59.358786,-34.404542],[-59.358742,-34.404526],[-59.35868,-34.404501],[-59.358613,-34.40447],[-59.358383,-34.404347],[-59.35829,-34.404302],[-59.35824,-34.404281],[-59.358192,-34.404263],[-59.358145,-34.404248],[-59.3581,-34.404237],[-59.358027,-34.404222],[-59.357952,-34.404211],[-59.357877,-34.404203],[-59.357801,-34.404197]]]}},{"type":"Feature","properties":{"UNION":1891,"TIPO":"CAMINO","NOMBRE":"CAMINO DE MERCEDES A GILES","OBSERVACIO":"MENSURA 158","largo":0},"geometry":{"type":"MultiLineString","coordinates":[[[-59.426873,-34.545885],[-59.426898,-34.545937],[-59.426918,-34.54599],[-59.426934,-34.546042],[-59.426944,-34.546094],[-59.426946,-34.546132],[-59.426943,-34.546171],[-59.426934,-34.546212],[-59.42692,-34.546256],[-59.426903,-34.546295],[-59.426881,-34.546338],[-59.426796,-34.546487],[-59.426766,-34.546546],[-59.42674,-34.546605],[-59.426724,-34.546659],[-59.42671,-34.546734],[-59.426702,-34.546817],[-59.426699,-34.546906],[-59.426699,-34.547088],[-59.426698,-34.547164],[-59.426693,-34.547244],[-59.426683,-34.547315],[-59.426673,-34.547367],[-59.42666,-34.54742],[-59.426644,-34.547476],[-59.426624,-34.547535],[-59.426576,-34.547662],[-59.426465,-34.547925],[-59.42642,-34.548038],[-59.42638,-34.548158],[-59.426364,-34.548214],[-59.426352,-34.548268],[-59.426336,-34.54836],[-59.426324,-34.548457],[-59.426317,-34.548559],[-59.426314,-34.548669],[-59.426315,-34.548768],[-59.426319,-34.548878],[-59.426341,-34.54926],[-59.426347,-34.54941],[-59.426348,-34.549562],[-59.426342,-34.549699],[-59.426324,-34.550025],[-59.426312,-34.55017],[-59.426303,-34.550245],[-59.426293,-34.550315],[-59.42628,-34.550381],[-59.426265,-34.550444],[-59.426244,-34.550515],[-59.426216,-34.550594],[-59.426183,-34.550673],[-59.426091,-34.550886],[-59.426066,-34.55095],[-59.426045,-34.551009],[-59.425998,-34.551162],[-59.425956,-34.551315],[-59.425919,-34.551469],[-59.425887,-34.551624],[-59.425859,-34.55178],[-59.425837,-34.551936],[-59.425819,-34.552094],[-59.425807,-34.552252],[-59.425799,-34.55241],[-59.425796,-34.55257],[-59.425799,-34.55273],[-59.425806,-34.552891],[-59.425818,-34.553053],[-59.425835,-34.553215],[-59.425857,-34.553378],[-59.425884,-34.553542]]]}},{"type":"Feature","properties":{"UNION":1891,"TIPO":"CAMINO","NOMBRE":"CAMINO AL CARMEN DE ARECO","OBSERVACIO":"MENSURA 159","largo":0},"geometry":{"type":"MultiLineString","coordinates":[[[-59.474205,-34.485146],[-59.474343,-34.485082],[-59.474481,-34.48502],[-59.47462,-34.484963],[-59.47476,-34.484908],[-59.474902,-34.484856],[-59.475044,-34.484808],[-59.475187,-34.484763],[-59.475331,-34.484722],[-59.475406,-34.484702],[-59.475483,-34.484685],[-59.475562,-34.48467],[-59.475643,-34.484657],[-59.475727,-34.484646],[-59.475813,-34.484638],[-59.475903,-34.484631],[-59.475996,-34.484626],[-59.476095,-34.484623],[-59.476198,-34.484622],[-59.476308,-34.484623],[-59.476424,-34.484626],[-59.476666,-34.484638],[-59.477152,-34.484668],[-59.477356,-34.484679],[-59.477569,-34.484686],[-59.477758,-34.484687],[-59.477868,-34.484684],[-59.477974,-34.484679],[-59.478075,-34.484671],[-59.478172,-34.484661],[-59.478266,-34.484648],[-59.478356,-34.484632],[-59.478444,-34.484613],[-59.478529,-34.484592],[-59.478611,-34.484569],[-59.478694,-34.484541],[-59.478781,-34.48451],[-59.478871,-34.484475],[-59.478968,-34.484433],[-59.479075,-34.484386],[-59.479506,-34.484181],[-59.479696,-34.484096],[-59.479802,-34.484052],[-59.479901,-34.484015],[-59.479996,-34.483983],[-59.480088,-34.483955],[-59.480245,-34.483915],[-59.48041,-34.483879],[-59.480587,-34.483847],[-59.480779,-34.483817],[-59.48094,-34.483796],[-59.481119,-34.483776],[-59.481796,-34.483709],[-59.482078,-34.483677],[-59.482409,-34.483638],[-59.482746,-34.4836],[-59.483091,-34.483564],[-59.483443,-34.48353],[-59.483804,-34.483498],[-59.484174,-34.483467],[-59.484555,-34.483438],[-59.484948,-34.48341],[-59.485337,-34.483384],[-59.485741,-34.48336],[-59.486613,-34.483312],[-59.487571,-34.483267],[-59.488993,-34.483205],[-59.489481,-34.483185],[-59.489971,-34.483167],[-59.490462,-34.483151],[-59.490954,-34.483137],[-59.491449,-34.483124],[-59.491945,-34.483114],[-59.492442,-34.483105],[-59.492942,-34.483098],[-59.493442,-34.483093],[-59.493945,-34.48309],[-59.494449,-34.483088],[-59.494955,-34.483089],[-59.495462,-34.483091],[-59.495971,-34.483095],[-59.496482,-34.483101],[-59.496994,-34.483109],[-59.497508,-34.483119],[-59.498023,-34.483131],[-59.49854,-34.483144],[-59.499059,-34.483159],[-59.500101,-34.483196],[-59.50115,-34.483239],[-59.502205,-34.48329],[-59.503267,-34.483349],[-59.504335,-34.483414],[-59.505409,-34.483488],[-59.506372,-34.483559],[-59.507334,-34.483637],[-59.508295,-34.483721],[-59.509256,-34.483812],[-59.510217,-34.483908],[-59.511177,-34.484011],[-59.512136,-34.484119],[-59.513095,-34.484234]]]}},{"type":"Feature","properties":{"UNION":1891,"TIPO":"CAMINO","NOMBRE":"CAMINO DE AZCUENAGA A CARLOS","OBSERVACIO":"MENSURA 160","largo":0},"geometry":{"type":"MultiLineString","coordinates":[[[-59.299986,-34.416548],[-59.29981,-34.416582],[-59.299635,-34.416619],[-59.299462,-34.416659],[-59.29929,-34.416701],[-59.299119,-34.416746],[-59.29895,-34.416794],[-59.298782,-34.416845],[-59.298616,-34.416898],[-59.298447,-34.416956],[-59.298273,-34.417022],[-59.298092,-34.417095],[-59.297902,-34.417176],[-59.297715,-34.417261],[-59.297508,-34.417358],[-59.296883,-34.417663],[-59.296689,-34.41776],[-59.296495,-34.417863],[-59.296299,-34.417972],[-59.296103,-34.418087],[-59.295904,-34.418208],[-59.295703,-34.418336],[-59.295498,-34.418471],[-59.295288,-34.418615],[-59.2951,-34.418747],[-59.294905,-34.418888],[-59.294703,-34.419039],[-59.294488,-34.419201],[-59.294074,-34.419523],[-59.293294,-34.42014],[-59.292975,-34.420389],[-59.292643,-34.420645],[-59.292341,-34.42087],[-59.292163,-34.420998],[-59.291991,-34.42112],[-59.291823,-34.421236],[-59.291659,-34.421347],[-59.291496,-34.421453],[-59.291336,-34.421554],[-59.291178,-34.421651],[-59.29102,-34.421744],[-59.290876,-34.421826],[-59.290728,-34.421908],[-59.290575,-34.42199],[-59.290416,-34.422073],[-59.290252,-34.422156],[-59.290082,-34.422239],[-59.289719,-34.422412],[-59.289397,-34.422558],[-59.289036,-34.422718],[-59.288685,-34.422869],[-59.287823,-34.423238],[-59.287373,-34.423434],[-59.287145,-34.423537],[-59.286932,-34.423634],[-59.286731,-34.423728],[-59.286539,-34.42382],[-59.286332,-34.423922],[-59.286135,-34.424024],[-59.285945,-34.424124],[-59.285763,-34.424225],[-59.285587,-34.424326],[-59.285417,-34.424427],[-59.285254,-34.424528],[-59.285096,-34.424631],[-59.284754,-34.424862],[-59.284414,-34.425101],[-59.284075,-34.425349],[-59.283738,-34.425605],[-59.283403,-34.425868],[-59.283071,-34.426139],[-59.282741,-34.426417],[-59.282416,-34.426702],[-59.282337,-34.426774],[-59.282258,-34.42685],[-59.282177,-34.426933],[-59.282092,-34.427023],[-59.28193,-34.427204],[-59.28163,-34.427555],[-59.281506,-34.427696],[-59.281374,-34.427839],[-59.281252,-34.427964],[-59.281179,-34.428035],[-59.281107,-34.428101],[-59.281035,-34.428163],[-59.280964,-34.428221],[-59.280892,-34.428276],[-59.28082,-34.428328],[-59.280747,-34.428376],[-59.280674,-34.428421],[-59.280609,-34.428457],[-59.280538,-34.428492],[-59.280461,-34.428527],[-59.280376,-34.428561],[-59.280213,-34.42862],[-59.279814,-34.428755],[-59.27971,-34.428793],[-59.279619,-34.42883],[-59.279526,-34.428873],[-59.279443,-34.428916],[-59.279368,-34.428962],[-59.279302,-34.429009],[-59.27926,-34.429043],[-59.279219,-34.42908],[-59.27918,-34.429119],[-59.279143,-34.429161],[-59.279106,-34.429205],[-59.27907,-34.429252],[-59.279035,-34.429302],[-59.279001,-34.429356],[-59.278944,-34.429454],[-59.278886,-34.429567],[-59.278832,-34.429681],[-59.278696,-34.42998],[-59.278655,-34.430066],[-59.278616,-34.430142],[-59.278569,-34.430225],[-59.278523,-34.430301],[-59.278475,-34.430371],[-59.278426,-34.430435],[-59.278362,-34.43051],[-59.278291,-34.430587],[-59.278213,-34.430666],[-59.278126,-34.430748],[-59.27796,-34.430895],[-59.277566,-34.431228],[-59.27747,-34.431312],[-59.277386,-34.43139],[-59.27731,-34.431465],[-59.27724,-34.431538],[-59.277177,-34.431609],[-59.27712,-34.43168],[-59.277076,-34.431737],[-59.277033,-34.431799],[-59.27699,-34.431865],[-59.276946,-34.431937],[-59.27687,-34.432072],[-59.2767,-34.432383],[-59.276617,-34.432526],[-59.27654,-34.432645],[-59.276501,-34.432698],[-59.276463,-34.432749],[-59.276395,-34.43283],[-59.27632,-34.432912],[-59.276237,-34.432995],[-59.276145,-34.43308],[-59.276047,-34.433166],[-59.275934,-34.433258],[-59.275814,-34.433353],[-59.275476,-34.433616],[-59.275373,-34.433698],[-59.275284,-34.433773],[-59.275184,-34.433862],[-59.275094,-34.433947],[-59.275013,-34.434029],[-59.27494,-34.434111],[-59.274889,-34.434173],[-59.27484,-34.43424],[-59.27479,-34.434313],[-59.27474,-34.434391],[-59.274651,-34.434542],[-59.274445,-34.434913],[-59.274386,-34.435013],[-59.27433,-34.4351],[-59.274266,-34.435191],[-59.274201,-34.435274],[-59.274134,-34.435349],[-59.274065,-34.435418],[-59.274019,-34.435459],[-59.273968,-34.4355],[-59.273912,-34.435541],[-59.273849,-34.435584],[-59.27373,-34.435659],[-59.273447,-34.435828],[-59.273378,-34.435871],[-59.273317,-34.435912],[-59.273262,-34.435951],[-59.273212,-34.43599],[-59.273166,-34.436029],[-59.273124,-34.436068],[-59.273073,-34.436121],[-59.273025,-34.436179],[-59.272979,-34.436243],[-59.272933,-34.436312],[-59.272889,-34.436388],[-59.272844,-34.436474],[-59.272798,-34.436567],[-59.272674,-34.43683],[-59.272633,-34.436911],[-59.272595,-34.436981],[-59.272547,-34.437061],[-59.272498,-34.437132],[-59.272447,-34.437197],[-59.272394,-34.437256],[-59.272352,-34.437297],[-59.272305,-34.437338],[-59.272252,-34.43738],[-59.272193,-34.437422],[-59.272078,-34.437498],[-59.271791,-34.437673],[-59.271718,-34.437722],[-59.271655,-34.437767],[-59.271592,-34.437817],[-59.271538,-34.437866],[-59.271492,-34.437916],[-59.271452,-34.437966],[-59.271416,-34.438022],[-59.271384,-34.438083],[-59.271356,-34.438149],[-59.271331,-34.438223],[-59.271311,-34.43829],[-59.271293,-34.438366],[-59.271239,-34.43863],[-59.271216,-34.438731],[-59.271188,-34.438831],[-59.271156,-34.438919],[-59.271085,-34.439078],[-59.271006,-34.439238],[-59.270916,-34.439399],[-59.270818,-34.439561],[-59.270709,-34.439724],[-59.270591,-34.439888],[-59.270462,-34.440055],[-59.270322,-34.440224],[-59.270177,-34.44039],[-59.270021,-34.44056],[-59.269852,-34.440735],[-59.269669,-34.440917],[-59.269476,-34.441102],[-59.269262,-34.441303],[-59.269023,-34.441521],[-59.268684,-34.441826],[-59.268258,-34.442215],[-59.268142,-34.442317],[-59.268036,-34.442406],[-59.267921,-34.442496],[-59.267811,-34.442577],[-59.267703,-34.442649],[-59.267596,-34.442713],[-59.267463,-34.442787],[-59.267325,-34.442856],[-59.267185,-34.44292],[-59.267042,-34.44298],[-59.266895,-34.443035],[-59.266745,-34.443087],[-59.266592,-34.443133],[-59.266436,-34.443176],[-59.266277,-34.443213],[-59.266114,-34.443247],[-59.265948,-34.443276],[-59.265779,-34.4433],[-59.265607,-34.44332],[-59.265432,-34.443336],[-59.265253,-34.443347],[-59.265072,-34.443354]]]}},{"type":"Feature","properties":{"UNION":1891,"TIPO":"CAMINO","NOMBRE":"CAMINO DE AZCUENAGA A CARLOS","OBSERVACIO":"MENSURA 160","largo":0},"geometry":{"type":"MultiLineString","coordinates":[[[-59.271415,-34.4381],[-59.271277,-34.438205],[-59.271134,-34.438304],[-59.270987,-34.438397],[-59.270836,-34.438484],[-59.270727,-34.438542],[-59.270611,-34.438598],[-59.270487,-34.438653],[-59.270356,-34.438707],[-59.270217,-34.438759],[-59.270067,-34.438812],[-59.269903,-34.438867],[-59.269717,-34.438925],[-59.269521,-34.438982],[-59.269324,-34.439034],[-59.269124,-34.439081],[-59.268922,-34.439123],[-59.268718,-34.439161],[-59.268513,-34.439193],[-59.268305,-34.439221],[-59.268094,-34.439243]]]}},{"type":"Feature","properties":{"UNION":1891,"TIPO":"TRANWAY","NOMBRE":"TRANWAY RURAL","OBSERVACIO":"MENSURA 160","largo":0},"geometry":{"type":"MultiLineString","coordinates":[[[-59.269555,-34.436867],[-59.281212,-34.432822],[-59.281441,-34.432767],[-59.281673,-34.432718],[-59.281907,-34.432677],[-59.282142,-34.432642],[-59.282379,-34.432614],[-59.282617,-34.432593],[-59.282855,-34.432579],[-59.283094,-34.432573],[-59.283333,-34.432573],[-59.283572,-34.43258],[-59.28381,-34.432594],[-59.284048,-34.432615],[-59.284285,-34.432643],[-59.28452,-34.432677],[-59.284754,-34.432719],[-59.284985,-34.432767],[-59.285215,-34.432823],[-59.285442,-34.432885],[-59.285666,-34.432953],[-59.285888,-34.433028],[-59.287969,-34.433666]]]}},{"type":"Feature","properties":{"UNION":1891,"TIPO":"TREN","NOMBRE":"ZONA ALAMB. F.C. CENTRAL ARG.","OBSERVACIO":"MENSURA 160","largo":0},"geometry":{"type":"MultiLineString","coordinates":[[[-59.252265,-34.464718],[-59.280305,-34.445424]]]}},{"type":"Feature","properties":{"UNION":1891,"TIPO":"CAMINO","NOMBRE":"CAMINO ZARATE AZCUENAGA","OBSERVACIO":"MENSURA 162","largo":0},"geometry":{"type":"MultiLineString","coordinates":[[[-59.338673,-34.306771],[-59.321429,-34.297976]]]}},{"type":"Feature","properties":{"UNION":1892,"TIPO":"CAMINO","NOMBRE":"CAMINO GRAL DE GILES A LUJAN","OBSERVACIO":"MENSURA 164","largo":0},"geometry":{"type":"MultiLineString","coordinates":[[[-59.381066,-34.480778],[-59.381035,-34.480742],[-59.381003,-34.480712],[-59.38097,-34.480688],[-59.380937,-34.48067],[-59.38091,-34.480663],[-59.380882,-34.480663],[-59.380851,-34.480669],[-59.380817,-34.480683],[-59.380787,-34.480699],[-59.380753,-34.480721],[-59.380636,-34.480808],[-59.38059,-34.48084],[-59.380544,-34.480866],[-59.380503,-34.480883],[-59.380451,-34.480898],[-59.380394,-34.48091],[-59.380334,-34.480919],[-59.380268,-34.480926],[-59.380206,-34.480929],[-59.380137,-34.480931],[-59.379887,-34.48093],[-59.379787,-34.480931],[-59.379685,-34.480938],[-59.379595,-34.48095],[-59.379513,-34.480966],[-59.37943,-34.480984],[-59.379346,-34.481006],[-59.37926,-34.48103],[-59.379174,-34.481058],[-59.379085,-34.481088],[-59.378995,-34.481121],[-59.378902,-34.481158],[-59.37872,-34.481236],[-59.378521,-34.48133],[-59.378313,-34.481433],[-59.377949,-34.481621],[-59.377705,-34.48175],[-59.377471,-34.481882],[-59.377358,-34.481949],[-59.377249,-34.482017],[-59.377142,-34.482085],[-59.377038,-34.482153],[-59.376938,-34.482223],[-59.376838,-34.482299],[-59.376737,-34.482382],[-59.376633,-34.482472],[-59.376527,-34.482571],[-59.376412,-34.482682],[-59.376294,-34.482801],[-59.375966,-34.483138],[-59.375863,-34.483241],[-59.375769,-34.483331],[-59.375658,-34.483432],[-59.375551,-34.483524],[-59.375445,-34.483607],[-59.375341,-34.483683],[-59.37527,-34.483731],[-59.375195,-34.483779],[-59.375117,-34.483826],[-59.375035,-34.483872],[-59.37495,-34.483917],[-59.374861,-34.483963],[-59.374767,-34.484008],[-59.374667,-34.484054],[-59.374495,-34.484128],[-59.3743,-34.484208],[-59.374112,-34.484282],[-59.373657,-34.484456],[-59.373428,-34.484546],[-59.373212,-34.484638],[-59.373021,-34.484725],[-59.37293,-34.48477],[-59.372843,-34.484815],[-59.372759,-34.484861],[-59.372679,-34.484907],[-59.372603,-34.484954],[-59.37253,-34.485001],[-59.37246,-34.48505],[-59.372393,-34.485099],[-59.372297,-34.485175],[-59.372076,-34.485365],[-59.372015,-34.485413],[-59.371958,-34.485454],[-59.371902,-34.485492],[-59.371842,-34.485527],[-59.37178,-34.48556],[-59.371714,-34.485592],[-59.371645,-34.485622],[-59.371573,-34.485651],[-59.371496,-34.485678],[-59.371415,-34.485704],[-59.371338,-34.485727],[-59.371256,-34.485748],[-59.371074,-34.485791],[-59.370884,-34.485829],[-59.370513,-34.485898],[-59.370361,-34.485928],[-59.370205,-34.485961],[-59.370068,-34.485995],[-59.369989,-34.486016],[-59.369914,-34.486038],[-59.369843,-34.486061],[-59.369775,-34.486085],[-59.369711,-34.48611],[-59.369649,-34.486137],[-59.369589,-34.486164],[-59.369533,-34.486193],[-59.369423,-34.486255],[-59.369311,-34.486325],[-59.369198,-34.486403],[-59.36908,-34.486491],[-59.368976,-34.486573],[-59.368864,-34.486667],[-59.368477,-34.487001],[-59.368323,-34.48713],[-59.36824,-34.487197],[-59.368162,-34.487258],[-59.368086,-34.487314],[-59.368012,-34.487366],[-59.367725,-34.487562],[-59.36751,-34.487705],[-59.367314,-34.487833],[-59.367132,-34.487947],[-59.366953,-34.488054],[-59.366781,-34.488152],[-59.366613,-34.488242],[-59.366449,-34.488324],[-59.36625,-34.488416],[-59.366038,-34.488506],[-59.365813,-34.488594],[-59.365572,-34.488681],[-59.365319,-34.488766],[-59.365042,-34.488854],[-59.364732,-34.488947],[-59.364326,-34.489064],[-59.363976,-34.489161],[-59.363657,-34.489245],[-59.363357,-34.489317],[-59.363071,-34.48938],[-59.362868,-34.48942],[-59.362666,-34.489458],[-59.362464,-34.489492],[-59.362263,-34.489524],[-59.362063,-34.489553],[-59.361864,-34.489579],[-59.361667,-34.489602],[-59.36147,-34.489622],[-59.361336,-34.489632],[-59.361185,-34.489638],[-59.361039,-34.489642],[-59.360677,-34.489646],[-59.360487,-34.489652],[-59.360389,-34.489658],[-59.360298,-34.489665],[-59.360212,-34.489675],[-59.360131,-34.489686],[-59.359989,-34.489711],[-59.359842,-34.489741],[-59.35969,-34.489779],[-59.359528,-34.489823],[-59.359368,-34.48987],[-59.359191,-34.489927],[-59.358658,-34.490108],[-59.358409,-34.490195],[-59.358162,-34.490285],[-59.357918,-34.490379],[-59.357677,-34.490477],[-59.35744,-34.490578],[-59.357206,-34.490682],[-59.356976,-34.490789],[-59.356749,-34.490899],[-59.356527,-34.491012],[-59.356309,-34.491128],[-59.356096,-34.491246],[-59.355887,-34.491368],[-59.355684,-34.491492],[-59.355484,-34.491618],[-59.35529,-34.491747],[-59.355102,-34.491878],[-59.355031,-34.491929],[-59.354955,-34.491988],[-59.354619,-34.492253],[-59.354531,-34.492318],[-59.35445,-34.492375],[-59.354299,-34.492473],[-59.354145,-34.492568],[-59.353989,-34.492659],[-59.353829,-34.492746],[-59.353666,-34.492829],[-59.353501,-34.492909],[-59.353332,-34.492985],[-59.35316,-34.493058],[-59.352985,-34.493127],[-59.352807,-34.493192],[-59.352626,-34.493253],[-59.352442,-34.493311],[-59.352255,-34.493365],[-59.352065,-34.493415],[-59.351872,-34.493462],[-59.351676,-34.493505]]]}},{"type":"Feature","properties":{"UNION":1892,"TIPO":"CAMINO","NOMBRE":"CAMINO DE MERCEDES","OBSERVACIO":"MENSURA 164","largo":0},"geometry":{"type":"MultiLineString","coordinates":[[[-59.376975,-34.49632],[-59.376882,-34.496301],[-59.376793,-34.496276],[-59.376709,-34.496246],[-59.37663,-34.496211],[-59.376582,-34.496184],[-59.376536,-34.49615],[-59.376492,-34.496111],[-59.37645,-34.496064],[-59.376415,-34.49602],[-59.376378,-34.495968],[-59.376262,-34.495786],[-59.376216,-34.495718],[-59.376166,-34.495654],[-59.376117,-34.4956],[-59.376066,-34.495553],[-59.376012,-34.495508],[-59.375955,-34.495463],[-59.375894,-34.495418],[-59.37583,-34.495375],[-59.375762,-34.495331],[-59.37569,-34.495288],[-59.375613,-34.495245],[-59.375475,-34.495173],[-59.375317,-34.495096],[-59.375159,-34.495024],[-59.374752,-34.494843],[-59.374636,-34.49479],[-59.374534,-34.49474],[-59.374422,-34.494683],[-59.374319,-34.494628],[-59.374225,-34.494572],[-59.374137,-34.494517],[-59.37404,-34.494451],[-59.373936,-34.494374],[-59.373591,-34.494106],[-59.373458,-34.494007],[-59.373388,-34.493957],[-59.37332,-34.493912],[-59.373255,-34.49387],[-59.373191,-34.493832],[-59.373074,-34.493769],[-59.372939,-34.493704],[-59.372795,-34.493641],[-59.372507,-34.493522],[-59.372388,-34.493471],[-59.372265,-34.493415],[-59.372158,-34.493362],[-59.372068,-34.493314],[-59.371977,-34.493261],[-59.371882,-34.493204],[-59.371783,-34.493142],[-59.371584,-34.49301],[-59.371196,-34.492743],[-59.371032,-34.492632],[-59.370857,-34.49252],[-59.370696,-34.492424],[-59.370588,-34.492365],[-59.370474,-34.492305],[-59.370351,-34.492244],[-59.370219,-34.49218],[-59.369972,-34.492068],[-59.369395,-34.491813],[-59.369251,-34.491747],[-59.369122,-34.491685],[-59.368998,-34.491625],[-59.368883,-34.491565],[-59.368775,-34.491506],[-59.368672,-34.491448],[-59.368522,-34.491355],[-59.368359,-34.491245],[-59.368207,-34.491137],[-59.367852,-34.490878],[-59.367673,-34.490752],[-59.367585,-34.490694],[-59.367501,-34.490641],[-59.36742,-34.490592],[-59.36734,-34.490547],[-59.367128,-34.490433],[-59.366922,-34.49033],[-59.36672,-34.490235],[-59.366522,-34.490149],[-59.366422,-34.49011],[-59.366316,-34.490073],[-59.366202,-34.490038],[-59.366078,-34.490004],[-59.365968,-34.489977],[-59.365845,-34.48995],[-59.365438,-34.489864],[-59.365292,-34.489832],[-59.365151,-34.489798],[-59.365025,-34.489765],[-59.364901,-34.489728],[-59.364787,-34.489689],[-59.364681,-34.489647],[-59.364582,-34.489602],[-59.364404,-34.489512],[-59.36423,-34.489416],[-59.36406,-34.489314],[-59.363893,-34.489205]]]}},{"type":"Feature","properties":{"UNION":1892,"TIPO":"CAMINO","NOMBRE":"CAMINO A ARECO","OBSERVACIO":"MENSURA 164","largo":0},"geometry":{"type":"MultiLineString","coordinates":[[[-59.369777,-34.486121],[-59.369699,-34.486131],[-59.369621,-34.486138],[-59.369545,-34.486142],[-59.369469,-34.486143],[-59.369393,-34.486141],[-59.369319,-34.486136],[-59.369245,-34.486129],[-59.369172,-34.486118],[-59.369033,-34.486096],[-59.368945,-34.486079],[-59.368866,-34.486061],[-59.368798,-34.48604],[-59.368735,-34.486016],[-59.368681,-34.485989],[-59.368635,-34.485958],[-59.368597,-34.485925],[-59.368577,-34.4859],[-59.368534,-34.485833],[-59.368512,-34.485805],[-59.368494,-34.485789],[-59.368475,-34.485774],[-59.368454,-34.48576],[-59.368431,-34.485748],[-59.368406,-34.485738],[-59.368379,-34.485728],[-59.368318,-34.485713],[-59.368261,-34.485705],[-59.368195,-34.485698],[-59.367964,-34.485689],[-59.36788,-34.485683],[-59.367802,-34.485673],[-59.367735,-34.485658],[-59.36764,-34.485628],[-59.367544,-34.485592],[-59.367445,-34.48555],[-59.36734,-34.4855],[-59.367251,-34.485454],[-59.367152,-34.4854],[-59.366827,-34.485215],[-59.366706,-34.485148],[-59.366584,-34.485084],[-59.366472,-34.485031],[-59.365945,-34.484793],[-59.365776,-34.484719],[-59.365622,-34.484656],[-59.365466,-34.484595],[-59.365318,-34.484541],[-59.365175,-34.484493],[-59.365037,-34.484451],[-59.364891,-34.484412],[-59.364743,-34.484374],[-59.364592,-34.48434],[-59.364438,-34.484308],[-59.364281,-34.484278],[-59.364122,-34.484251],[-59.363962,-34.484227],[-59.3638,-34.484206],[-59.363729,-34.484199],[-59.363654,-34.484193],[-59.363574,-34.484189],[-59.363489,-34.484186],[-59.363331,-34.484185],[-59.362951,-34.48419],[-59.362851,-34.484189],[-59.36276,-34.484186],[-59.362667,-34.484181],[-59.362579,-34.484174],[-59.362497,-34.484164],[-59.362418,-34.484151],[-59.362284,-34.484126],[-59.362152,-34.484096],[-59.362024,-34.484064],[-59.3619,-34.484029],[-59.361791,-34.483995],[-59.36168,-34.483956],[-59.361567,-34.483913],[-59.361452,-34.483864],[-59.361334,-34.483811],[-59.361212,-34.483753],[-59.361086,-34.48369],[-59.360953,-34.483619],[-59.360786,-34.483526],[-59.360633,-34.483436],[-59.36049,-34.483347],[-59.360358,-34.483258],[-59.360236,-34.483168],[-59.360122,-34.483079],[-59.360017,-34.482989],[-59.359921,-34.482898],[-59.359811,-34.482785],[-59.359715,-34.482682],[-59.359631,-34.482584],[-59.359558,-34.48249],[-59.359493,-34.482397],[-59.359437,-34.482307],[-59.35939,-34.482219],[-59.359351,-34.482132],[-59.35933,-34.482075],[-59.35931,-34.482016],[-59.359293,-34.481957],[-59.359278,-34.481897],[-59.359265,-34.481836],[-59.359254,-34.481775],[-59.359246,-34.481715],[-59.35924,-34.481654],[-59.359236,-34.481588],[-59.359235,-34.481519],[-59.359237,-34.481446],[-59.359242,-34.481368],[-59.359247,-34.481324],[-59.359254,-34.48128],[-59.359263,-34.481235],[-59.359276,-34.481189],[-59.35929,-34.481143],[-59.359308,-34.481096],[-59.359351,-34.480997],[-59.359398,-34.480905],[-59.359456,-34.480804],[-59.359519,-34.480703],[-59.359693,-34.480434],[-59.359743,-34.480352],[-59.359785,-34.480279],[-59.359828,-34.480195],[-59.359864,-34.480115],[-59.359893,-34.480039],[-59.359915,-34.479964],[-59.359935,-34.479882],[-59.359952,-34.479797],[-59.359967,-34.47971],[-59.35998,-34.47962],[-59.359991,-34.479528],[-59.359999,-34.479434],[-59.360005,-34.479337],[-59.360008,-34.479236],[-59.360009,-34.479029],[-59.360001,-34.478806],[-59.359984,-34.478561],[-59.359957,-34.478271],[-59.359931,-34.478056],[-59.359898,-34.477841],[-59.359858,-34.477627],[-59.359811,-34.477414],[-59.359756,-34.477202],[-59.359695,-34.476991],[-59.359626,-34.476781],[-59.35955,-34.476571],[-59.359467,-34.476363],[-59.359377,-34.476155],[-59.35928,-34.475948],[-59.359175,-34.475742],[-59.359064,-34.475536],[-59.358945,-34.475332],[-59.358819,-34.475128],[-59.358686,-34.474925]]]}},{"type":"Feature","properties":{"UNION":1892,"TIPO":"CAMINO","NOMBRE":"CAMINO","OBSERVACIO":"MENSURA 164","largo":0},"geometry":{"type":"MultiLineString","coordinates":[[[-59.362475,-34.484176],[-59.362226,-34.484168],[-59.361978,-34.484156],[-59.361731,-34.484139],[-59.361486,-34.484116],[-59.361242,-34.484088],[-59.360999,-34.484056],[-59.360758,-34.484018],[-59.360518,-34.483974],[-59.360325,-34.483936],[-59.360136,-34.483896],[-59.359953,-34.483853],[-59.359775,-34.483809],[-59.359601,-34.483762],[-59.359433,-34.483713],[-59.359269,-34.483662],[-59.35911,-34.483609],[-59.358662,-34.483458],[-59.358532,-34.48341],[-59.358417,-34.483364],[-59.358303,-34.483313],[-59.358199,-34.483261],[-59.358105,-34.483207],[-59.358019,-34.48315],[-59.35798,-34.483122],[-59.35794,-34.483089],[-59.357778,-34.482946],[-59.357704,-34.482886],[-59.357648,-34.482847],[-59.357587,-34.482808],[-59.35752,-34.48277],[-59.357447,-34.482731],[-59.357308,-34.482665],[-59.356982,-34.48252],[-59.356904,-34.482482],[-59.356835,-34.482447],[-59.356772,-34.482413],[-59.356715,-34.482378],[-59.356663,-34.482344],[-59.356614,-34.482308],[-59.356547,-34.482256],[-59.356482,-34.482203],[-59.356418,-34.482148],[-59.356356,-34.482092]]]}},{"type":"Feature","properties":{"UNION":1893,"TIPO":"CAMINO","NOMBRE":"CAMINO DE GILES A LA CAPILLA","OBSERVACIO":"MENSURA 165","largo":0},"geometry":{"type":"MultiLineString","coordinates":[[[-59.329936,-34.389799],[-59.329818,-34.389764],[-59.329704,-34.389727],[-59.329592,-34.389686],[-59.329483,-34.389643],[-59.329377,-34.389596],[-59.329274,-34.389546],[-59.329173,-34.389492],[-59.329076,-34.389436],[-59.329022,-34.389402],[-59.328968,-34.389365],[-59.328913,-34.389323],[-59.328856,-34.389277],[-59.328753,-34.389186],[-59.328502,-34.388953],[-59.328429,-34.38889],[-59.328361,-34.388836],[-59.328216,-34.38873],[-59.328064,-34.388627],[-59.327903,-34.388528],[-59.327734,-34.388432],[-59.327557,-34.388338],[-59.32737,-34.388247],[-59.327173,-34.388158],[-59.326965,-34.388071],[-59.32678,-34.387998],[-59.326585,-34.387926],[-59.326377,-34.387852],[-59.326153,-34.387776],[-59.325948,-34.38771],[-59.32572,-34.387638],[-59.324911,-34.38739],[-59.324591,-34.38729],[-59.324265,-34.387184],[-59.323976,-34.387084],[-59.323812,-34.387024],[-59.323657,-34.386965],[-59.323507,-34.386906],[-59.323364,-34.386846],[-59.323226,-34.386786],[-59.323093,-34.386725],[-59.322965,-34.386663],[-59.322841,-34.386599],[-59.322671,-34.386508],[-59.322483,-34.386404],[-59.321895,-34.386063],[-59.321694,-34.385948],[-59.321508,-34.385846],[-59.321337,-34.385756],[-59.321173,-34.385674],[-59.321004,-34.385594],[-59.320829,-34.385514],[-59.320648,-34.385435],[-59.320461,-34.385357],[-59.320267,-34.385279],[-59.320064,-34.3852],[-59.319852,-34.385122],[-59.31948,-34.384989],[-59.319062,-34.384848],[-59.318652,-34.384715],[-59.317622,-34.384385],[-59.317331,-34.38429],[-59.31707,-34.384202],[-59.316784,-34.384103],[-59.316519,-34.384007],[-59.316268,-34.383912],[-59.316031,-34.383819],[-59.31574,-34.383698],[-59.31544,-34.383568],[-59.315125,-34.383427],[-59.314792,-34.383271],[-59.314497,-34.383131],[-59.31417,-34.382971],[-59.313058,-34.38242],[-59.312629,-34.38221],[-59.312192,-34.382001],[-59.311796,-34.381818],[-59.311574,-34.381719],[-59.311358,-34.381625],[-59.311148,-34.381537],[-59.310943,-34.381453],[-59.310741,-34.381374],[-59.310543,-34.381299],[-59.310348,-34.381229],[-59.310155,-34.381162],[-59.309895,-34.381078],[-59.309621,-34.380995],[-59.309329,-34.380914],[-59.309014,-34.380832],[-59.30874,-34.380764],[-59.308432,-34.380692],[-59.307441,-34.380468],[-59.307093,-34.380387],[-59.306766,-34.380309],[-59.306472,-34.380234],[-59.306206,-34.380162],[-59.305955,-34.380091],[-59.305717,-34.380018],[-59.30549,-34.379943],[-59.305208,-34.379846],[-59.304928,-34.379746],[-59.304648,-34.379644],[-59.30437,-34.379539],[-59.304092,-34.379432],[-59.303816,-34.379322],[-59.303541,-34.37921],[-59.303268,-34.379096]]]}},{"type":"Feature","properties":{"UNION":1893,"TIPO":"CAMINO","NOMBRE":"CAMINO DE SAN ANTONIO A LUJAN","OBSERVACIO":"MENSURA 165","largo":0},"geometry":{"type":"MultiLineString","coordinates":[[[-59.333753,-34.369224],[-59.333655,-34.369305],[-59.333562,-34.369387],[-59.333474,-34.369469],[-59.333392,-34.369553],[-59.333316,-34.369639],[-59.333244,-34.369725],[-59.333178,-34.369812],[-59.333117,-34.369901],[-59.333061,-34.369991],[-59.333011,-34.370081],[-59.332966,-34.370173],[-59.332926,-34.370266],[-59.332892,-34.370361],[-59.332863,-34.370456],[-59.332839,-34.370553],[-59.332821,-34.37065],[-59.332813,-34.370717],[-59.33281,-34.370792],[-59.332811,-34.370871],[-59.332821,-34.371094],[-59.33282,-34.371162],[-59.332816,-34.371223],[-59.332809,-34.371283],[-59.332799,-34.371342],[-59.332787,-34.371402],[-59.332772,-34.371462],[-59.332755,-34.371522],[-59.332735,-34.371582],[-59.332712,-34.371642],[-59.332687,-34.371702],[-59.332659,-34.371763],[-59.332628,-34.371823],[-59.332595,-34.371884],[-59.332559,-34.371946],[-59.33252,-34.372008],[-59.332478,-34.37207],[-59.332386,-34.372197],[-59.332302,-34.372302],[-59.33221,-34.37241],[-59.332108,-34.372523],[-59.331995,-34.372642],[-59.331892,-34.372747],[-59.331774,-34.372863],[-59.331367,-34.373253],[-59.331213,-34.373403],[-59.331063,-34.373555],[-59.330932,-34.373693],[-59.330799,-34.373843],[-59.330739,-34.373916],[-59.330682,-34.373987],[-59.33063,-34.374057],[-59.33058,-34.374126],[-59.330534,-34.374195],[-59.330491,-34.374263],[-59.330398,-34.37442],[-59.330306,-34.374587],[-59.330214,-34.374764],[-59.33012,-34.374957],[-59.330041,-34.375124],[-59.329956,-34.375313],[-59.329596,-34.376134],[-59.329504,-34.376334],[-59.329418,-34.376515],[-59.329335,-34.376679],[-59.329253,-34.376833],[-59.329171,-34.376979],[-59.329087,-34.377117],[-59.329008,-34.377243],[-59.328924,-34.37737],[-59.328835,-34.377498],[-59.328741,-34.377627],[-59.328642,-34.377759],[-59.328537,-34.377892],[-59.328427,-34.378029],[-59.32831,-34.378169],[-59.328085,-34.378429],[-59.327829,-34.378714],[-59.327564,-34.378999],[-59.326846,-34.379762],[-59.326634,-34.379993],[-59.326446,-34.380202],[-59.326238,-34.380443],[-59.326049,-34.380672],[-59.325877,-34.380892],[-59.325719,-34.381106],[-59.325287,-34.381711],[-59.32501,-34.382106],[-59.324763,-34.38247],[-59.324651,-34.38264],[-59.324546,-34.382804],[-59.324442,-34.382972],[-59.324343,-34.383135],[-59.32425,-34.383294],[-59.324161,-34.383451],[-59.324078,-34.383604],[-59.323999,-34.383756],[-59.323924,-34.383905],[-59.323854,-34.384053],[-59.323819,-34.384133],[-59.323786,-34.384217],[-59.323756,-34.384308],[-59.323726,-34.384406],[-59.323701,-34.384499],[-59.323675,-34.384604],[-59.323589,-34.384986],[-59.323551,-34.38514],[-59.323507,-34.385298],[-59.32346,-34.385436],[-59.323429,-34.385515],[-59.323396,-34.385589],[-59.323361,-34.385659],[-59.323324,-34.385726],[-59.323284,-34.385788],[-59.323241,-34.385848],[-59.323196,-34.385904],[-59.323148,-34.385957],[-59.323105,-34.385999],[-59.323058,-34.386041],[-59.323005,-34.386084],[-59.322946,-34.386128],[-59.322886,-34.38617],[-59.322817,-34.386215],[-59.322543,-34.386385],[-59.322429,-34.386459],[-59.322369,-34.386501],[-59.322316,-34.386541],[-59.322267,-34.386581],[-59.322222,-34.38662],[-59.322168,-34.386671],[-59.322115,-34.386725],[-59.322063,-34.386781],[-59.322011,-34.38684],[-59.32196,-34.386902],[-59.321909,-34.386966],[-59.321807,-34.387107],[-59.321731,-34.387221],[-59.321651,-34.387349],[-59.321567,-34.38749],[-59.321325,-34.387901],[-59.321247,-34.388028],[-59.321174,-34.38814],[-59.321078,-34.388287],[-59.320982,-34.388438],[-59.320886,-34.388594],[-59.32079,-34.388754],[-59.320694,-34.38892],[-59.320598,-34.389091],[-59.3205,-34.389269],[-59.320401,-34.389455],[-59.320228,-34.389788],[-59.320042,-34.39016],[-59.319863,-34.390529],[-59.319407,-34.391476],[-59.319272,-34.391749],[-59.31915,-34.391994],[-59.31901,-34.392268],[-59.318876,-34.392521],[-59.318745,-34.392761],[-59.318616,-34.392988],[-59.31846,-34.393251],[-59.318304,-34.393501],[-59.318147,-34.39374],[-59.317988,-34.393969],[-59.317826,-34.394189],[-59.317662,-34.3944],[-59.317494,-34.394602],[-59.317322,-34.394797],[-59.317213,-34.394913],[-59.317095,-34.395032],[-59.316965,-34.395154],[-59.316821,-34.395282],[-59.316691,-34.395395],[-59.316543,-34.395518],[-59.31603,-34.395935],[-59.315835,-34.396097],[-59.315642,-34.396263],[-59.315475,-34.396415],[-59.315384,-34.396501],[-59.315299,-34.396585],[-59.315219,-34.396668],[-59.315144,-34.39675],[-59.315074,-34.396832],[-59.315007,-34.396912],[-59.314945,-34.396993],[-59.314887,-34.397073],[-59.314849,-34.39713],[-59.314812,-34.397188],[-59.314741,-34.397312],[-59.314673,-34.397447],[-59.314607,-34.397594],[-59.314555,-34.397725],[-59.3145,-34.397873],[-59.314332,-34.39836],[-59.31427,-34.398535],[-59.314205,-34.398702],[-59.31414,-34.39885],[-59.314105,-34.398923],[-59.31407,-34.398993],[-59.314033,-34.39906],[-59.313995,-34.399125],[-59.313957,-34.399186],[-59.313917,-34.399246],[-59.313875,-34.399302],[-59.313832,-34.399357],[-59.313787,-34.399411],[-59.313738,-34.399465],[-59.313686,-34.399518],[-59.31363,-34.399571],[-59.313571,-34.399624],[-59.313508,-34.399678],[-59.313442,-34.399731],[-59.313371,-34.399784],[-59.313295,-34.399839],[-59.313214,-34.399895],[-59.313033,-34.400013],[-59.312835,-34.400134],[-59.312432,-34.400371],[-59.312265,-34.400472],[-59.312093,-34.40058],[-59.311943,-34.40068],[-59.311858,-34.400741],[-59.311779,-34.400801],[-59.311705,-34.40086],[-59.311636,-34.400919],[-59.311571,-34.400978],[-59.31151,-34.401037],[-59.311453,-34.401096],[-59.311401,-34.401156],[-59.311354,-34.401214],[-59.311309,-34.401275],[-59.311265,-34.401338],[-59.311223,-34.401405],[-59.311182,-34.401474],[-59.311143,-34.401547],[-59.311104,-34.401624],[-59.311067,-34.401705],[-59.311007,-34.401846],[-59.310946,-34.402005],[-59.31089,-34.402159],[-59.310762,-34.402529],[-59.310694,-34.402715],[-59.310624,-34.402888],[-59.310554,-34.403041],[-59.310517,-34.403113],[-59.31048,-34.403181],[-59.310442,-34.403246],[-59.310402,-34.403309],[-59.310361,-34.403369],[-59.310319,-34.403426],[-59.310275,-34.403481],[-59.31023,-34.403535],[-59.310151,-34.403622],[-59.31007,-34.403708],[-59.309987,-34.403793],[-59.309901,-34.403876],[-59.309813,-34.403958],[-59.309722,-34.40404],[-59.309629,-34.40412],[-59.309534,-34.404198]]]}},{"type":"Feature","properties":{"UNION":1894,"TIPO":"CAMINO","NOMBRE":"CAMINO VIEJO DE MERCEDES C.A.","OBSERVACIO":"MENSURA 166","largo":0},"geometry":{"type":"MultiLineString","coordinates":[[[-59.752462,-34.441385],[-59.752223,-34.441464],[-59.751989,-34.441547],[-59.75176,-34.441634],[-59.751536,-34.441726],[-59.751318,-34.441822],[-59.751105,-34.441922],[-59.750897,-34.442027],[-59.750694,-34.442136],[-59.750497,-34.44225],[-59.750305,-34.442368],[-59.750118,-34.44249],[-59.749936,-34.442617],[-59.74976,-34.442748],[-59.749588,-34.442883],[-59.749422,-34.443023],[-59.749261,-34.443168],[-59.749196,-34.443231],[-59.749131,-34.4433],[-59.749066,-34.443376],[-59.749,-34.443459],[-59.748943,-34.443535],[-59.748883,-34.44362],[-59.748685,-34.443907],[-59.74861,-34.444014],[-59.748533,-34.444118],[-59.748461,-34.444209],[-59.74838,-34.444301],[-59.7483,-34.444383],[-59.748218,-34.444458],[-59.748135,-34.444525],[-59.748076,-34.444567],[-59.748012,-34.444609],[-59.747943,-34.444651],[-59.747867,-34.444694],[-59.747716,-34.444773],[-59.747427,-34.444915],[-59.747312,-34.444973],[-59.747197,-34.445036],[-59.747096,-34.445095],[-59.747007,-34.445153],[-59.746917,-34.445214],[-59.746829,-34.44528],[-59.74674,-34.445349],[-59.746652,-34.445422],[-59.746563,-34.4455],[-59.746474,-34.445583],[-59.746382,-34.445671],[-59.746232,-34.445825],[-59.746069,-34.446001],[-59.745916,-34.446173],[-59.745556,-34.446586],[-59.74537,-34.446792],[-59.745277,-34.446891],[-59.745188,-34.446983],[-59.745101,-34.447069],[-59.745016,-34.447149],[-59.744929,-34.447228],[-59.744843,-34.447302],[-59.744758,-34.447372],[-59.744672,-34.447437],[-59.744586,-34.4475],[-59.7445,-34.447558],[-59.744413,-34.447613],[-59.744325,-34.447665],[-59.74425,-34.447706],[-59.744171,-34.447748],[-59.743995,-34.447833],[-59.743804,-34.447918],[-59.743417,-34.448084],[-59.743254,-34.448155],[-59.743087,-34.448232],[-59.742941,-34.448306],[-59.742808,-34.448379],[-59.742674,-34.448455],[-59.74254,-34.448536],[-59.742406,-34.448622],[-59.74227,-34.448712],[-59.742132,-34.448808],[-59.741992,-34.448909],[-59.741849,-34.449017],[-59.741604,-34.449209],[-59.741336,-34.449429],[-59.74108,-34.449646],[-59.74044,-34.450197],[-59.740257,-34.450352],[-59.74009,-34.450489],[-59.739905,-34.450637],[-59.739728,-34.450774],[-59.739557,-34.4509],[-59.739391,-34.451018],[-59.739206,-34.451141],[-59.739008,-34.451266],[-59.738795,-34.451393],[-59.738563,-34.451524],[-59.738345,-34.451643],[-59.738099,-34.451772],[-59.737202,-34.452229],[-59.736842,-34.452417],[-59.736651,-34.45252],[-59.736475,-34.452618],[-59.73631,-34.452713],[-59.736155,-34.452807],[-59.735974,-34.452921],[-59.735805,-34.453034],[-59.735645,-34.453147],[-59.735495,-34.45326],[-59.735354,-34.453375],[-59.73522,-34.453491],[-59.735095,-34.453608],[-59.734977,-34.453727],[-59.734877,-34.453838],[-59.734772,-34.453963],[-59.734659,-34.454107],[-59.734427,-34.454413],[-59.734326,-34.454545],[-59.734214,-34.45468],[-59.73411,-34.454799],[-59.734011,-34.454901],[-59.733903,-34.455006],[-59.733785,-34.455113],[-59.733654,-34.455224],[-59.733537,-34.455319],[-59.733404,-34.455423],[-59.732968,-34.455756],[-59.732813,-34.455876],[-59.732667,-34.455992],[-59.732539,-34.4561],[-59.732419,-34.456206],[-59.732309,-34.45631],[-59.732209,-34.456411],[-59.732118,-34.456512],[-59.732055,-34.456586],[-59.731993,-34.456664],[-59.73193,-34.456748],[-59.731866,-34.456838],[-59.731801,-34.456934],[-59.731731,-34.457041],[-59.73146,-34.457473],[-59.73134,-34.457658],[-59.731272,-34.457757],[-59.731206,-34.457848],[-59.731141,-34.457933],[-59.731076,-34.458012],[-59.730927,-34.458184],[-59.730771,-34.458355],[-59.730606,-34.458525],[-59.730434,-34.458695],[-59.730255,-34.458863],[-59.730068,-34.459031],[-59.729873,-34.459198],[-59.729671,-34.459364],[-59.729461,-34.459528],[-59.729244,-34.459692],[-59.729019,-34.459855],[-59.728787,-34.460017],[-59.728547,-34.460177],[-59.7283,-34.460337],[-59.728046,-34.460495],[-59.727785,-34.460652],[-59.727681,-34.460713],[-59.72757,-34.460774],[-59.727453,-34.460836],[-59.727326,-34.4609],[-59.727055,-34.461032],[-59.726494,-34.461294],[-59.726257,-34.461408],[-59.726011,-34.461533],[-59.7259,-34.461592],[-59.725795,-34.46165],[-59.725523,-34.461806],[-59.725254,-34.461966],[-59.724988,-34.46213],[-59.724725,-34.462297],[-59.724465,-34.462467],[-59.724208,-34.462642],[-59.723954,-34.462819],[-59.723704,-34.463],[-59.723457,-34.463185],[-59.723212,-34.463373],[-59.722971,-34.463564],[-59.722733,-34.463759],[-59.722498,-34.463958],[-59.722266,-34.46416],[-59.722037,-34.464365],[-59.721812,-34.464574]]]}},{"type":"Feature","properties":{"UNION":1894,"TIPO":"CAMINO","NOMBRE":"CAMINO NUEVO MERCEDES A C.A.","OBSERVACIO":"MENSURA 166","largo":0},"geometry":{"type":"MultiLineString","coordinates":[[[-59.746391,-34.441423],[-59.725541,-34.457406],[-59.723456,-34.460893]]]}},{"type":"Feature","properties":{"UNION":1894,"TIPO":"TELEGRAFO","NOMBRE":"TELEGRAFO","OBSERVACIO":"MENSURA 166","largo":0},"geometry":{"type":"MultiLineString","coordinates":[[[-59.745474,-34.431656],[-59.707392,-34.45609]]]}},{"type":"Feature","properties":{"UNION":1896,"TIPO":"TRANWAY","NOMBRE":"TRANWAY RURAL","OBSERVACIO":"MENSURA 171","largo":0},"geometry":{"type":"MultiLineString","coordinates":[[[-59.605136,-34.433406],[-59.571682,-34.434296]]]}},{"type":"Feature","properties":{"UNION":1896,"TIPO":"CAMINO","NOMBRE":"CAMINO DE GILES AL C.A.","OBSERVACIO":"MENSURA 171","largo":0},"geometry":{"type":"MultiLineString","coordinates":[[[-59.595182,-34.42664],[-59.581286,-34.428292]]]}},{"type":"Feature","properties":{"UNION":1896,"TIPO":"TRANWAY","NOMBRE":"TRANWAY RURAL","OBSERVACIO":"MENSURA 172","largo":0},"geometry":{"type":"MultiLineString","coordinates":[[[-59.256493,-34.432503],[-59.226966,-34.438092]]]}},{"type":"Feature","properties":{"UNION":1899,"TIPO":"CAMINO","NOMBRE":"CAMINO DE GILES A S. A. DE A.","OBSERVACIO":"MENSURA 180","largo":0},"geometry":{"type":"MultiLineString","coordinates":[[[-59.449689,-34.425481],[-59.447524,-34.422037],[-59.451832,-34.405885]]]}},{"type":"Feature","properties":{"UNION":1899,"TIPO":"CAMINO","NOMBRE":"CAMINO DE MERCEDES A C.A.","OBSERVACIO":"MENSURA 181","largo":0},"geometry":{"type":"MultiLineString","coordinates":[[[-59.662169,-34.480454],[-59.688887,-34.459804]]]}},{"type":"Feature","properties":{"UNION":1899,"TIPO":"CAMINO","NOMBRE":"CAMINO NUEVO","OBSERVACIO":"MENSURA 182","largo":0},"geometry":{"type":"MultiLineString","coordinates":[[[-59.318186,-34.294365],[-59.326407,-34.295097],[-59.326293,-34.295782],[-59.392875,-34.277621]]]}},{"type":"Feature","properties":{"UNION":1899,"TIPO":"CAMINO","NOMBRE":"CAMINO DE GILES A ZARATE","OBSERVACIO":"MENSURA 182","largo":0},"geometry":{"type":"MultiLineString","coordinates":[[[-59.327506,-34.30262],[-59.317433,-34.294379],[-59.311406,-34.289193]]]}},{"type":"Feature","properties":{"UNION":1899,"TIPO":"FERROCARRIL","NOMBRE":"FERROCARRIL CENTRAL ARGENTINO","OBSERVACIO":"MENSURA 182","largo":0},"geometry":{"type":"MultiLineString","coordinates":[[[-59.317219,-34.295236],[-59.342309,-34.29732]]]}},{"type":"Feature","properties":{"UNION":1899,"TIPO":"FERROCARRIL","NOMBRE":"FERROCARRIL CENTRAL ARGENTINO","OBSERVACIO":"MENSURA 183","largo":0},"geometry":{"type":"MultiLineString","coordinates":[[[-59.38309,-34.302255],[-59.41197,-34.302898]]]}},{"type":"Feature","properties":{"UNION":1902,"TIPO":"CAMINO","NOMBRE":"CAMINO VECINAL","OBSERVACIO":"MENSURA 185","largo":0},"geometry":{"type":"MultiLineString","coordinates":[[[-59.548644,-34.492423],[-59.530295,-34.489671]]]}},{"type":"Feature","properties":{"UNION":1903,"TIPO":"TELEGRAFOS","NOMBRE":"TELEGRAFO DE GILES A MERCEDES","OBSERVACIO":"MENSURA 187","largo":0},"geometry":{"type":"MultiLineString","coordinates":[[[-59.462978,-34.490863],[-59.459782,-34.503957],[-59.455955,-34.518251]]]}},{"type":"Feature","properties":{"UNION":1903,"TIPO":"TELEGRAFO","NOMBRE":"TELEGRAFO DE GILES A MERCEDES","OBSERVACIO":"MENSURA 188","largo":0},"geometry":{"type":"MultiLineString","coordinates":[[[-59.454398,-34.522909],[-59.441543,-34.563034]]]}},{"type":"Feature","properties":{"UNION":1923,"TIPO":"CAMINO","NOMBRE":"CAMINO A S.A. DE GILES Y AZC.","OBSERVACIO":"MENSURA 189","largo":0},"geometry":{"type":"MultiLineString","coordinates":[[[-59.373278,-34.334235],[-59.376882,-34.332135],[-59.384015,-34.328622],[-59.389896,-34.326362],[-59.394074,-34.321117],[-59.395931,-34.321927],[-59.418064,-34.304003],[-59.424619,-34.30369],[-59.428796,-34.2981]]]}},{"type":"Feature","properties":{"UNION":1923,"TIPO":"CAMINO","NOMBRE":"CAMINO (POSTA FIGUEROA)","OBSERVACIO":"MENSURA 189","largo":0},"geometry":{"type":"MultiLineString","coordinates":[[[-59.408161,-34.328477],[-59.408065,-34.32856],[-59.407967,-34.32864],[-59.407867,-34.328716],[-59.407764,-34.328789],[-59.407659,-34.328858],[-59.407551,-34.328924],[-59.407441,-34.328987],[-59.407329,-34.329046],[-59.40726,-34.32908],[-59.407188,-34.329112],[-59.407113,-34.329144],[-59.407035,-34.329174],[-59.406954,-34.329204],[-59.40687,-34.329232],[-59.406783,-34.32926],[-59.406691,-34.329287],[-59.406502,-34.329337],[-59.406293,-34.329385],[-59.406059,-34.329434],[-59.405739,-34.329496],[-59.405212,-34.329598],[-59.404928,-34.329648],[-59.404788,-34.32967],[-59.404658,-34.329688],[-59.404534,-34.329702],[-59.404417,-34.329712],[-59.404297,-34.329719],[-59.404183,-34.329722],[-59.404074,-34.329722],[-59.40397,-34.329717],[-59.403871,-34.329708],[-59.403776,-34.329695],[-59.403685,-34.329678],[-59.403599,-34.329657],[-59.403538,-34.329639],[-59.403478,-34.329616],[-59.403417,-34.329591],[-59.403357,-34.329561],[-59.403297,-34.329527],[-59.403237,-34.32949],[-59.403175,-34.329448],[-59.403113,-34.329402],[-59.403006,-34.329315],[-59.40289,-34.32921],[-59.402777,-34.329102],[-59.402483,-34.328809],[-59.402394,-34.328724],[-59.402312,-34.328651],[-59.402219,-34.328573],[-59.402128,-34.328504],[-59.40204,-34.328443],[-59.401952,-34.32839],[-59.401656,-34.328223],[-59.401558,-34.32817],[-59.401469,-34.328125],[-59.401378,-34.328082],[-59.401291,-34.328045],[-59.401208,-34.328013],[-59.401127,-34.327985],[-59.401055,-34.327965],[-59.400979,-34.327949],[-59.400898,-34.327936],[-59.40081,-34.327927],[-59.400718,-34.327921],[-59.400615,-34.327918],[-59.400506,-34.327917],[-59.400199,-34.327919],[-59.400104,-34.327917],[-59.400021,-34.327914],[-59.399925,-34.327906],[-59.399837,-34.327896],[-59.399755,-34.327881],[-59.399679,-34.327864],[-59.399601,-34.327842],[-59.399521,-34.327816],[-59.399439,-34.327788],[-59.399352,-34.327756],[-59.399167,-34.327681],[-59.398922,-34.327574],[-59.39876,-34.327499],[-59.398601,-34.327421],[-59.398444,-34.327339],[-59.39829,-34.327254],[-59.398139,-34.327166],[-59.397991,-34.327074],[-59.397845,-34.326978],[-59.397702,-34.326879],[-59.397562,-34.326776],[-59.397424,-34.32667],[-59.397289,-34.326561],[-59.397157,-34.326447],[-59.397028,-34.326331],[-59.396901,-34.326211],[-59.396778,-34.326087],[-59.396656,-34.32596]]]}},{"type":"Feature","properties":{"UNION":1923,"TIPO":"FERROCARRIL","NOMBRE":"F.C.C.A.","OBSERVACIO":"MENSURA 189","largo":0},"geometry":{"type":"MultiLineString","coordinates":[[[-59.416723,-34.327602],[-59.446434,-34.300321]]]}},{"type":"Feature","properties":{"UNION":1923,"TIPO":"FERROCARRIL","NOMBRE":"F.C.C.A.","OBSERVACIO":"MENSURA 189","largo":0},"geometry":{"type":"MultiLineString","coordinates":[[[-59.401023,-34.30196],[-59.431002,-34.305824],[-59.431345,-34.305896],[-59.43169,-34.305963],[-59.432037,-34.306022],[-59.432385,-34.306074],[-59.432735,-34.30612],[-59.433086,-34.306158],[-59.433438,-34.30619],[-59.433791,-34.306215],[-59.434144,-34.306232],[-59.434498,-34.306243],[-59.434852,-34.306247],[-59.435206,-34.306244],[-59.43556,-34.306234],[-59.435914,-34.306216],[-59.436266,-34.306192],[-59.436619,-34.306161],[-59.43697,-34.306123],[-59.43732,-34.306078],[-59.437668,-34.306026],[-59.438015,-34.305968],[-59.43836,-34.305902],[-59.438703,-34.30583],[-59.439044,-34.305751],[-59.439383,-34.305665],[-59.439719,-34.305573],[-59.440052,-34.305474],[-59.440383,-34.305368],[-59.44071,-34.305256],[-59.441034,-34.305137],[-59.441355,-34.305013]]]}},{"type":"Feature","properties":{"UNION":1829,"TIPO":"CAMINO","NOMBRE":"CAMINO DE ARECO","OBSERVACIO":"MENSURA 190","largo":0},"geometry":{"type":"MultiLineString","coordinates":[[[-59.56779,-34.548583],[-59.538257,-34.572087]]]}}]}