{"type":"FeatureCollection","features":[{"type":"Feature","properties":{"ID":3,"DESCRIPCIO":"PASCUALA ROMERO","TIPO":"CASA"},"geometry":{"type":"Point","coordinates":[-59.554786,-34.511224]}},{"type":"Feature","properties":{"ID":3,"DESCRIPCIO":"PASCUALA ROMERO","TIPO":"CASA"},"geometry":{"type":"Point","coordinates":[-59.550202,-34.512723]}},{"type":"Feature","properties":{"ID":3,"DESCRIPCIO":"BRAVO","TIPO":"CASA"},"geometry":{"type":"Point","coordinates":[-59.552933,-34.481312]}},{"type":"Feature","properties":{"ID":3,"DESCRIPCIO":"C. ALMIRON","TIPO":"CASA"},"geometry":{"type":"Point","coordinates":[-59.52974,-34.481395]}},{"type":"Feature","properties":{"ID":3,"DESCRIPCIO":"DON GUILLERMO AGUIRRE","TIPO":"CASA"},"geometry":{"type":"Point","coordinates":[-59.521929,-34.47949]}},{"type":"Feature","properties":{"ID":3,"DESCRIPCIO":"DON GUILLERMO AGUIRRE","TIPO":"CASA"},"geometry":{"type":"Point","coordinates":[-59.506815,-34.494259]}},{"type":"Feature","properties":{"ID":3,"DESCRIPCIO":"DON GUILLERMO AGUIRRE","TIPO":"CASA"},"geometry":{"type":"Point","coordinates":[-59.500106,-34.491562]}},{"type":"Feature","properties":{"ID":3,"DESCRIPCIO":"A. ROJAS","TIPO":"CASA"},"geometry":{"type":"Point","coordinates":[-59.539221,-34.466715]}},{"type":"Feature","properties":{"ID":3,"DESCRIPCIO":"D. ALVARRACIN","TIPO":"CASA"},"geometry":{"type":"Point","coordinates":[-59.542603,-34.462977]}},{"type":"Feature","properties":{"ID":0,"DESCRIPCIO":"E. ALMIRON","TIPO":"CASA"},"geometry":{"type":"Point","coordinates":[-59.551738,-34.460909]}},{"type":"Feature","properties":{"ID":3,"DESCRIPCIO":"L. GALEANO","TIPO":"CASA"},"geometry":{"type":"Point","coordinates":[-59.528726,-34.466504]}},{"type":"Feature","properties":{"ID":4,"DESCRIPCIO":"FELIX LESCANO","TIPO":"CASA"},"geometry":{"type":"Point","coordinates":[-59.476628,-34.49343]}},{"type":"Feature","properties":{"ID":4,"DESCRIPCIO":"GERONIMO LAVALLEN","TIPO":"CASA"},"geometry":{"type":"Point","coordinates":[-59.487758,-34.502619]}},{"type":"Feature","properties":{"ID":5,"DESCRIPCIO":"ANGELA CASCO DE SARAVI","TIPO":"CASA"},"geometry":{"type":"Point","coordinates":[-59.463417,-34.449175]}},{"type":"Feature","properties":{"ID":5,"DESCRIPCIO":"PUESTO","TIPO":"PUESTO"},"geometry":{"type":"Point","coordinates":[-59.517094,-34.42358]}},{"type":"Feature","properties":{"ID":5,"DESCRIPCIO":"RODRIGUEZ","TIPO":"CASA"},"geometry":{"type":"Point","coordinates":[-59.519141,-34.402597]}},{"type":"Feature","properties":{"ID":0,"DESCRIPCIO":"IGNACIO CASCO","TIPO":"CASA"},"geometry":{"type":"Point","coordinates":[-59.483653,-34.411232]}},{"type":"Feature","properties":{"ID":0,"DESCRIPCIO":"SAN JUAN","TIPO":"CASA"},"geometry":{"type":"Point","coordinates":[-59.530268,-34.392983]}},{"type":"Feature","properties":{"ID":5,"DESCRIPCIO":"CELESTINO ANDRADE","TIPO":"CASA"},"geometry":{"type":"Point","coordinates":[-59.504648,-34.394718]}},{"type":"Feature","properties":{"ID":5,"DESCRIPCIO":"M. C. DE GALEANO","TIPO":"CASA"},"geometry":{"type":"Point","coordinates":[-59.472702,-34.461621]}},{"type":"Feature","properties":{"ID":5,"DESCRIPCIO":"B. GALEANO","TIPO":"CASA"},"geometry":{"type":"Point","coordinates":[-59.47413,-34.458574]}},{"type":"Feature","properties":{"ID":5,"DESCRIPCIO":"MANUEL","TIPO":"CASA"},"geometry":{"type":"Point","coordinates":[-59.549675,-34.419594]}},{"type":"Feature","properties":{"ID":6,"DESCRIPCIO":"PALOMA","TIPO":"CASA"},"geometry":{"type":"Point","coordinates":[-59.389213,-34.34636]}},{"type":"Feature","properties":{"ID":6,"DESCRIPCIO":"TESEIRA","TIPO":"CASA"},"geometry":{"type":"Point","coordinates":[-59.387433,-34.339598]}},{"type":"Feature","properties":{"ID":6,"DESCRIPCIO":"PASCUAL SOSA","TIPO":"CASA"},"geometry":{"type":"Point","coordinates":[-59.341787,-34.390742]}},{"type":"Feature","properties":{"ID":6,"DESCRIPCIO":"J. J. SOSA","TIPO":"CASA"},"geometry":{"type":"Point","coordinates":[-59.334679,-34.401322]}},{"type":"Feature","properties":{"ID":6,"DESCRIPCIO":"CORONEL","TIPO":"CASA"},"geometry":{"type":"Point","coordinates":[-59.305556,-34.410702]}},{"type":"Feature","properties":{"ID":0,"DESCRIPCIO":"ANTONIO ORMAECHEA","TIPO":"CASA"},"geometry":{"type":"Point","coordinates":[-59.29661,-34.41437]}},{"type":"Feature","properties":{"ID":7,"DESCRIPCIO":"LORENZA LA MADRID","TIPO":"CASA"},"geometry":{"type":"Point","coordinates":[-59.26694,-34.424705]}},{"type":"Feature","properties":{"ID":9,"DESCRIPCIO":"POB. DE ANTONIO ORMECHEA","TIPO":"POBLACION"},"geometry":{"type":"Point","coordinates":[-59.297719,-34.41403]}},{"type":"Feature","properties":{"ID":0,"DESCRIPCIO":"POB. DE DON FRANCISCO MALDONADO","TIPO":"POBLACION"},"geometry":{"type":"Point","coordinates":[-59.291503,-34.404681]}},{"type":"Feature","properties":{"ID":9,"DESCRIPCIO":"ARRENDATARIO DE DOÑA AGUSTINA MONSALVO","TIPO":"ARRENDATARIO"},"geometry":{"type":"Point","coordinates":[-59.312253,-34.379028]}},{"type":"Feature","properties":{"ID":10,"DESCRIPCIO":"PEDRO A RODRIGUEZ","TIPO":"CASA"},"geometry":{"type":"Point","coordinates":[-59.386831,-34.342835]}},{"type":"Feature","properties":{"ID":10,"DESCRIPCIO":"R. DE DIOS","TIPO":"CASA"},"geometry":{"type":"Point","coordinates":[-59.421312,-34.328107]}},{"type":"Feature","properties":{"ID":10,"DESCRIPCIO":"J. CARRASCO","TIPO":"CASA"},"geometry":{"type":"Point","coordinates":[-59.406217,-34.324605]}},{"type":"Feature","properties":{"ID":10,"DESCRIPCIO":"REPRESENTADO POR JOSE FIGUEROA","TIPO":"CASA"},"geometry":{"type":"Point","coordinates":[-59.391796,-34.326004]}},{"type":"Feature","properties":{"ID":10,"DESCRIPCIO":"VICENTE MARFIL","TIPO":"CASA"},"geometry":{"type":"Point","coordinates":[-59.429983,-34.338437]}},{"type":"Feature","properties":{"ID":11,"DESCRIPCIO":"DON ZIRIACO MONSALVO","TIPO":"CASA"},"geometry":{"type":"Point","coordinates":[-59.549275,-34.513125]}},{"type":"Feature","properties":{"ID":11,"DESCRIPCIO":"FRANCISO AGUILAR","TIPO":"CASA"},"geometry":{"type":"Point","coordinates":[-59.521683,-34.500691]}},{"type":"Feature","properties":{"ID":11,"DESCRIPCIO":"CONCEPCION GANTA?","TIPO":"CASA"},"geometry":{"type":"Point","coordinates":[-59.501999,-34.527942]}},{"type":"Feature","properties":{"ID":11,"DESCRIPCIO":"JUAN ESCOBAR","TIPO":"CASA"},"geometry":{"type":"Point","coordinates":[-59.536664,-34.461309]}},{"type":"Feature","properties":{"ID":11,"DESCRIPCIO":"MARTIN GALEANO","TIPO":"CASA"},"geometry":{"type":"Point","coordinates":[-59.47483,-34.481363]}},{"type":"Feature","properties":{"ID":11,"DESCRIPCIO":"JOAQUIN RODRIGUEZ","TIPO":"CASA"},"geometry":{"type":"Point","coordinates":[-59.467407,-34.478502]}},{"type":"Feature","properties":{"ID":11,"DESCRIPCIO":"MICAELA MARFIL","TIPO":"CASA"},"geometry":{"type":"Point","coordinates":[-59.562001,-34.490292]}},{"type":"Feature","properties":{"ID":12,"DESCRIPCIO":"MARTA MARFIL","TIPO":"CASA"},"geometry":{"type":"Point","coordinates":[-59.5636,-34.485986]}},{"type":"Feature","properties":{"ID":12,"DESCRIPCIO":"JUAN ESCOBAR","TIPO":"CASA"},"geometry":{"type":"Point","coordinates":[-59.539608,-34.458182]}},{"type":"Feature","properties":{"ID":12,"DESCRIPCIO":"FINADO DON ANASTACIO GANTE?","TIPO":"CASA"},"geometry":{"type":"Point","coordinates":[-59.571198,-34.437941]}},{"type":"Feature","properties":{"ID":12,"DESCRIPCIO":"CELEDONIO FERNANDEZ","TIPO":"CASA"},"geometry":{"type":"Point","coordinates":[-59.600754,-34.427227]}},{"type":"Feature","properties":{"ID":12,"DESCRIPCIO":"JOAQUIN LEON","TIPO":"CASA"},"geometry":{"type":"Point","coordinates":[-59.61911,-34.418107]}},{"type":"Feature","properties":{"ID":12,"DESCRIPCIO":"GREGORIO BAZANDAN?","TIPO":"CASA"},"geometry":{"type":"Point","coordinates":[-59.629744,-34.418685]}},{"type":"Feature","properties":{"ID":15,"DESCRIPCIO":"JOSÉ MARIA ECHEVERRIA","TIPO":"CASA"},"geometry":{"type":"Point","coordinates":[-59.631143,-34.517524]}},{"type":"Feature","properties":{"ID":15,"DESCRIPCIO":"F. RODRIGUEZ","TIPO":"CASA"},"geometry":{"type":"Point","coordinates":[-59.607741,-34.478406]}},{"type":"Feature","properties":{"ID":17,"DESCRIPCIO":"SR. RAFAEL","TIPO":"CASA"},"geometry":{"type":"Point","coordinates":[-59.435506,-34.434165]}},{"type":"Feature","properties":{"ID":17,"DESCRIPCIO":"TRISTAN QUINTEROS","TIPO":"CASA"},"geometry":{"type":"Point","coordinates":[-59.419797,-34.422737]}},{"type":"Feature","properties":{"ID":17,"DESCRIPCIO":"MANUEL SILVA","TIPO":"CASA"},"geometry":{"type":"Point","coordinates":[-59.3891,-34.445312]}},{"type":"Feature","properties":{"ID":17,"DESCRIPCIO":"BERNARDINO GELVES","TIPO":"CASA"},"geometry":{"type":"Point","coordinates":[-59.403952,-34.465363]}},{"type":"Feature","properties":{"ID":17,"DESCRIPCIO":"MAN. LOPEZ","TIPO":"CASA"},"geometry":{"type":"Point","coordinates":[-59.42039,-34.470274]}},{"type":"Feature","properties":{"ID":19,"DESCRIPCIO":"FRAN. SOSA","TIPO":"CASA"},"geometry":{"type":"Point","coordinates":[-59.665995,-34.513512]}},{"type":"Feature","properties":{"ID":19,"DESCRIPCIO":"V. AYALA","TIPO":"CASA"},"geometry":{"type":"Point","coordinates":[-59.626059,-34.474757]}},{"type":"Feature","properties":{"ID":19,"DESCRIPCIO":"MATIAS ABARA","TIPO":"CASA"},"geometry":{"type":"Point","coordinates":[-59.642274,-34.420552]}},{"type":"Feature","properties":{"ID":19,"DESCRIPCIO":"M. MARTINEZ","TIPO":"CASA"},"geometry":{"type":"Point","coordinates":[-59.66192,-34.407673]}},{"type":"Feature","properties":{"ID":19,"DESCRIPCIO":"POSTA","TIPO":"POSTA"},"geometry":{"type":"Point","coordinates":[-59.676196,-34.404975]}},{"type":"Feature","properties":{"ID":19,"DESCRIPCIO":"N. MILLARES","TIPO":"CASA"},"geometry":{"type":"Point","coordinates":[-59.720449,-34.432309]}},{"type":"Feature","properties":{"ID":19,"DESCRIPCIO":"A. REINOSO","TIPO":"CASA"},"geometry":{"type":"Point","coordinates":[-59.729579,-34.43537]}},{"type":"Feature","properties":{"ID":19,"DESCRIPCIO":"B. ANTIVERO","TIPO":"CASA"},"geometry":{"type":"Point","coordinates":[-59.752071,-34.446747]}},{"type":"Feature","properties":{"ID":19,"DESCRIPCIO":"JOSE M. CASADO","TIPO":"CASA"},"geometry":{"type":"Point","coordinates":[-59.711365,-34.474886]}},{"type":"Feature","properties":{"ID":19,"DESCRIPCIO":"LORENZO ENRIQUE","TIPO":"CASA"},"geometry":{"type":"Point","coordinates":[-59.760309,-34.467353]}},{"type":"Feature","properties":{"ID":19,"DESCRIPCIO":"CAÑON","TIPO":"CAÑON"},"geometry":{"type":"Point","coordinates":[-59.768028,-34.456635]}},{"type":"Feature","properties":{"ID":19,"DESCRIPCIO":"CAÑON","TIPO":"CAÑON"},"geometry":{"type":"Point","coordinates":[-59.691754,-34.513912]}},{"type":"Feature","properties":{"ID":19,"DESCRIPCIO":"CAÑON","TIPO":"CAÑON"},"geometry":{"type":"Point","coordinates":[-59.612744,-34.444972]}},{"type":"Feature","properties":{"ID":20,"DESCRIPCIO":"JORGE MORGAN","TIPO":"CASA"},"geometry":{"type":"Point","coordinates":[-59.528055,-34.345544]}},{"type":"Feature","properties":{"ID":20,"DESCRIPCIO":"ESTANCIA DE MORGAN","TIPO":"CASA"},"geometry":{"type":"Point","coordinates":[-59.478493,-34.366594]}},{"type":"Feature","properties":{"ID":21,"DESCRIPCIO":"LAVALLEN","TIPO":"CASA"},"geometry":{"type":"Point","coordinates":[-59.356131,-34.321866]}},{"type":"Feature","properties":{"ID":21,"DESCRIPCIO":"ANTIGUA PULPERIA DE PASOS","TIPO":"PULPERIA"},"geometry":{"type":"Point","coordinates":[-59.352556,-34.314752]}},{"type":"Feature","properties":{"ID":21,"DESCRIPCIO":"PULPERIA DE LOS FIGUEROAS","TIPO":"PULPERIA"},"geometry":{"type":"Point","coordinates":[-59.378837,-34.322656]}},{"type":"Feature","properties":{"ID":21,"DESCRIPCIO":"LUIS D. CHAPEAUROUGE","TIPO":"CASA"},"geometry":{"type":"Point","coordinates":[-59.363123,-34.294159]}},{"type":"Feature","properties":{"ID":21,"DESCRIPCIO":"DIONISIA A. DE SOSA","TIPO":"CASA"},"geometry":{"type":"Point","coordinates":[-59.381015,-34.267965]}},{"type":"Feature","properties":{"ID":21,"DESCRIPCIO":"GREGORIO SOTA","TIPO":"CASA"},"geometry":{"type":"Point","coordinates":[-59.400284,-34.279487]}},{"type":"Feature","properties":{"ID":19,"DESCRIPCIO":"JOSE RODRIGUEZ","TIPO":"CASA"},"geometry":{"type":"Point","coordinates":[-59.396337,-34.300434]}},{"type":"Feature","properties":{"ID":21,"DESCRIPCIO":"SANTIAGO SOSA","TIPO":"CASA"},"geometry":{"type":"Point","coordinates":[-59.381382,-34.307181]}},{"type":"Feature","properties":{"ID":21,"DESCRIPCIO":"GERONIMA SOSA","TIPO":"CASA"},"geometry":{"type":"Point","coordinates":[-59.346813,-34.278893]}},{"type":"Feature","properties":{"ID":22,"DESCRIPCIO":"SAN CRISTOBAL","TIPO":"CASA"},"geometry":{"type":"Point","coordinates":[-59.42937,-34.360409]}},{"type":"Feature","properties":{"ID":22,"DESCRIPCIO":"SAN GUILLERMO","TIPO":"CASA"},"geometry":{"type":"Point","coordinates":[-59.456301,-34.351693]}},{"type":"Feature","properties":{"ID":22,"DESCRIPCIO":"POSTA","TIPO":"POSTA"},"geometry":{"type":"Point","coordinates":[-59.434562,-34.351344]}},{"type":"Feature","properties":{"ID":22,"DESCRIPCIO":"PUESTO","TIPO":"PUESTO"},"geometry":{"type":"Point","coordinates":[-59.448619,-34.365325]}},{"type":"Feature","properties":{"ID":22,"DESCRIPCIO":"PUEBLO...?","TIPO":"CASA"},"geometry":{"type":"Point","coordinates":[-59.454187,-34.369344]}},{"type":"Feature","properties":{"ID":22,"DESCRIPCIO":"PUESTO","TIPO":"PUESTO"},"geometry":{"type":"Point","coordinates":[-59.406768,-34.383971]}},{"type":"Feature","properties":{"ID":22,"DESCRIPCIO":"CARMEN BENITES","TIPO":"CASA"},"geometry":{"type":"Point","coordinates":[-59.421015,-34.393401]}},{"type":"Feature","properties":{"ID":22,"DESCRIPCIO":"PUESTO","TIPO":"PUESTO"},"geometry":{"type":"Point","coordinates":[-59.417834,-34.372959]}},{"type":"Feature","properties":{"ID":23,"DESCRIPCIO":"PALOMA","TIPO":"CASA"},"geometry":{"type":"Point","coordinates":[-59.374868,-34.352562]}},{"type":"Feature","properties":{"ID":23,"DESCRIPCIO":"ESTANCIA","TIPO":"CASA"},"geometry":{"type":"Point","coordinates":[-59.390135,-34.358935]}},{"type":"Feature","properties":{"ID":23,"DESCRIPCIO":"FELIX ROMERO","TIPO":"CASA"},"geometry":{"type":"Point","coordinates":[-59.390533,-34.363517]}},{"type":"Feature","properties":{"ID":0,"DESCRIPCIO":"MILTON RODRIGUEZ","TIPO":"CASA"},"geometry":{"type":"Point","coordinates":[-59.374068,-34.388165]}},{"type":"Feature","properties":{"ID":23,"DESCRIPCIO":"SIN IDENTIFICAR","TIPO":"CASA S/I"},"geometry":{"type":"Point","coordinates":[-59.368238,-34.374361]}},{"type":"Feature","properties":{"ID":23,"DESCRIPCIO":"SIN IDENTIFICAR","TIPO":"CASA S/I"},"geometry":{"type":"Point","coordinates":[-59.360791,-34.37957]}},{"type":"Feature","properties":{"ID":23,"DESCRIPCIO":"PABLO RODRIGUEZ","TIPO":"CASA"},"geometry":{"type":"Point","coordinates":[-59.362399,-34.399911]}},{"type":"Feature","properties":{"ID":23,"DESCRIPCIO":"SIN IDENTIFICAR","TIPO":"CASA S/I"},"geometry":{"type":"Point","coordinates":[-59.351793,-34.393906]}},{"type":"Feature","properties":{"ID":23,"DESCRIPCIO":"SIN IDENTIFICAR","TIPO":"CASA S/I"},"geometry":{"type":"Point","coordinates":[-59.343502,-34.393771]}},{"type":"Feature","properties":{"ID":23,"DESCRIPCIO":"SIN IDENTIFICAR","TIPO":"CASA S/I"},"geometry":{"type":"Point","coordinates":[-59.32625,-34.397708]}},{"type":"Feature","properties":{"ID":23,"DESCRIPCIO":"SIN IDENTIFICAR","TIPO":"CASA S/I"},"geometry":{"type":"Point","coordinates":[-59.32065,-34.399919]}},{"type":"Feature","properties":{"ID":23,"DESCRIPCIO":"GERVACIA RODRIGUEZ","TIPO":"CASA"},"geometry":{"type":"Point","coordinates":[-59.341899,-34.416635]}},{"type":"Feature","properties":{"ID":23,"DESCRIPCIO":"JOSE BELEN","TIPO":"CASA"},"geometry":{"type":"Point","coordinates":[-59.330897,-34.417673]}},{"type":"Feature","properties":{"ID":23,"DESCRIPCIO":"POSTA DE LOS RODRIGUEZ","TIPO":"POSTA"},"geometry":{"type":"Point","coordinates":[-59.337868,-34.429994]}},{"type":"Feature","properties":{"ID":23,"DESCRIPCIO":"SIN IDENTIFICAR","TIPO":"CASA S/I"},"geometry":{"type":"Point","coordinates":[-59.308551,-34.412841]}},{"type":"Feature","properties":{"ID":23,"DESCRIPCIO":"SIN IDENTIFICAR","TIPO":"CASA S/I"},"geometry":{"type":"Point","coordinates":[-59.325409,-34.437406]}},{"type":"Feature","properties":{"ID":24,"DESCRIPCIO":"ARRENDAMIENTO DE GUTIERRES","TIPO":"ARRENDATARIO"},"geometry":{"type":"Point","coordinates":[-59.674618,-34.402652]}},{"type":"Feature","properties":{"ID":24,"DESCRIPCIO":"POBL. DE DON CORNELIO GUTIERRES","TIPO":"CASA"},"geometry":{"type":"Point","coordinates":[-59.66174,-34.408949]}},{"type":"Feature","properties":{"ID":24,"DESCRIPCIO":"PUESTO DE GUTIERRES","TIPO":"PUESTO"},"geometry":{"type":"Point","coordinates":[-59.633991,-34.410623]}},{"type":"Feature","properties":{"ID":24,"DESCRIPCIO":"POB. DE D. P. RODRIGUEZ","TIPO":"CASA"},"geometry":{"type":"Point","coordinates":[-59.619599,-34.41636]}},{"type":"Feature","properties":{"ID":24,"DESCRIPCIO":"POB. DE D. B? GUTIERRES","TIPO":"CASA"},"geometry":{"type":"Point","coordinates":[-59.626629,-34.419816]}},{"type":"Feature","properties":{"ID":24,"DESCRIPCIO":"POB. DE D. NORBERTO GUTIERRES","TIPO":"CASA"},"geometry":{"type":"Point","coordinates":[-59.622508,-34.429936]}},{"type":"Feature","properties":{"ID":24,"DESCRIPCIO":"POB. DE D. MARIANO HEGSE","TIPO":"CASA"},"geometry":{"type":"Point","coordinates":[-59.625785,-34.473597]}},{"type":"Feature","properties":{"ID":24,"DESCRIPCIO":"POB. DE D. A...? CRAIG","TIPO":"CASA"},"geometry":{"type":"Point","coordinates":[-59.664644,-34.487219]}},{"type":"Feature","properties":{"ID":24,"DESCRIPCIO":"POB. DE D. GUILLERMO BECHAR","TIPO":"CASA"},"geometry":{"type":"Point","coordinates":[-59.724026,-34.488016]}},{"type":"Feature","properties":{"ID":24,"DESCRIPCIO":"POB. DE JOSE M. MONTOYA","TIPO":"CASA"},"geometry":{"type":"Point","coordinates":[-59.755509,-34.517849]}},{"type":"Feature","properties":{"ID":24,"DESCRIPCIO":"BLAS VELOZ","TIPO":"CASA"},"geometry":{"type":"Point","coordinates":[-59.73795,-34.437429]}},{"type":"Feature","properties":{"ID":25,"DESCRIPCIO":"LA PATRIA","TIPO":"CASA"},"geometry":{"type":"Point","coordinates":[-59.485447,-34.324073]}},{"type":"Feature","properties":{"ID":25,"DESCRIPCIO":"LA MARGARITA","TIPO":"CASA"},"geometry":{"type":"Point","coordinates":[-59.457582,-34.329773]}},{"type":"Feature","properties":{"ID":25,"DESCRIPCIO":"STA. MARIA","TIPO":"CASA"},"geometry":{"type":"Point","coordinates":[-59.504662,-34.331976]}},{"type":"Feature","properties":{"ID":25,"DESCRIPCIO":"EL ORIENTAL","TIPO":"CASA"},"geometry":{"type":"Point","coordinates":[-59.473177,-34.355362]}},{"type":"Feature","properties":{"ID":25,"DESCRIPCIO":"MOZO VIVO, INES VILLALVA","TIPO":"CASA"},"geometry":{"type":"Point","coordinates":[-59.461051,-34.36275]}},{"type":"Feature","properties":{"ID":25,"DESCRIPCIO":"SAN GUILLERMO","TIPO":"CASA"},"geometry":{"type":"Point","coordinates":[-59.458739,-34.346521]}},{"type":"Feature","properties":{"ID":25,"DESCRIPCIO":"CAÑON","TIPO":"CAÑON"},"geometry":{"type":"Point","coordinates":[-59.445193,-34.333772]}},{"type":"Feature","properties":{"ID":27,"DESCRIPCIO":"ESTANCIA","TIPO":"CASA"},"geometry":{"type":"Point","coordinates":[-59.275128,-34.335973]}},{"type":"Feature","properties":{"ID":27,"DESCRIPCIO":"MIC. GARY","TIPO":"CASA"},"geometry":{"type":"Point","coordinates":[-59.278027,-34.319733]}},{"type":"Feature","properties":{"ID":27,"DESCRIPCIO":"PUESTO","TIPO":"PUESTO"},"geometry":{"type":"Point","coordinates":[-59.299916,-34.334171]}},{"type":"Feature","properties":{"ID":29,"DESCRIPCIO":"BONIFACIA CASCO","TIPO":"CASA"},"geometry":{"type":"Point","coordinates":[-59.548541,-34.353431]}},{"type":"Feature","properties":{"ID":29,"DESCRIPCIO":"ROSALES","TIPO":"CASA"},"geometry":{"type":"Point","coordinates":[-59.539788,-34.356571]}},{"type":"Feature","properties":{"ID":29,"DESCRIPCIO":"MATIAS MARTINEZ","TIPO":"CASA"},"geometry":{"type":"Point","coordinates":[-59.542113,-34.352137]}},{"type":"Feature","properties":{"ID":29,"DESCRIPCIO":"F. DUBERTI","TIPO":"CASA"},"geometry":{"type":"Point","coordinates":[-59.548663,-34.364237]}},{"type":"Feature","properties":{"ID":29,"DESCRIPCIO":"PATRICIO AVARE","TIPO":"CASA"},"geometry":{"type":"Point","coordinates":[-59.520214,-34.371358]}},{"type":"Feature","properties":{"ID":29,"DESCRIPCIO":"LEON ROLDAN","TIPO":"CASA"},"geometry":{"type":"Point","coordinates":[-59.513623,-34.382061]}},{"type":"Feature","properties":{"ID":29,"DESCRIPCIO":"TOMAS WALLASE","TIPO":"CASA"},"geometry":{"type":"Point","coordinates":[-59.529771,-34.395791]}},{"type":"Feature","properties":{"ID":29,"DESCRIPCIO":"JOSE RODRIGUEZ","TIPO":"CASA"},"geometry":{"type":"Point","coordinates":[-59.533934,-34.405204]}},{"type":"Feature","properties":{"ID":29,"DESCRIPCIO":"TOMAS GAINOR","TIPO":"CASA"},"geometry":{"type":"Point","coordinates":[-59.531765,-34.417479]}},{"type":"Feature","properties":{"ID":29,"DESCRIPCIO":"SANTIAGO","TIPO":"CASA"},"geometry":{"type":"Point","coordinates":[-59.538872,-34.425884]}},{"type":"Feature","properties":{"ID":29,"DESCRIPCIO":"SANOLETI","TIPO":"CASA"},"geometry":{"type":"Point","coordinates":[-59.550939,-34.429841]}},{"type":"Feature","properties":{"ID":29,"DESCRIPCIO":"ANT. ROMERO","TIPO":"CASA"},"geometry":{"type":"Point","coordinates":[-59.580364,-34.428467]}},{"type":"Feature","properties":{"ID":29,"DESCRIPCIO":"PABLO BUSTOS","TIPO":"CASA"},"geometry":{"type":"Point","coordinates":[-59.571016,-34.441212]}},{"type":"Feature","properties":{"ID":29,"DESCRIPCIO":"PATRICIO SOR","TIPO":"CASA"},"geometry":{"type":"Point","coordinates":[-59.558594,-34.443863]}},{"type":"Feature","properties":{"ID":29,"DESCRIPCIO":"TOMAS....","TIPO":"CASA"},"geometry":{"type":"Point","coordinates":[-59.593547,-34.419756]}},{"type":"Feature","properties":{"ID":29,"DESCRIPCIO":"SARA","TIPO":"CASA"},"geometry":{"type":"Point","coordinates":[-59.598573,-34.415861]}},{"type":"Feature","properties":{"ID":29,"DESCRIPCIO":"MARIA DE LOS SANTOS","TIPO":"CASA"},"geometry":{"type":"Point","coordinates":[-59.598204,-34.397813]}},{"type":"Feature","properties":{"ID":29,"DESCRIPCIO":"PUESTO DE CASCO","TIPO":"PUESTO"},"geometry":{"type":"Point","coordinates":[-59.587933,-34.388718]}},{"type":"Feature","properties":{"ID":29,"DESCRIPCIO":"PUESTO DE DOFI","TIPO":"PUESTO"},"geometry":{"type":"Point","coordinates":[-59.574971,-34.384896]}},{"type":"Feature","properties":{"ID":30,"DESCRIPCIO":"GEGENA","TIPO":"CASA"},"geometry":{"type":"Point","coordinates":[-59.353736,-34.324218]}},{"type":"Feature","properties":{"ID":30,"DESCRIPCIO":"CARRISO","TIPO":"CASA"},"geometry":{"type":"Point","coordinates":[-59.363032,-34.328512]}},{"type":"Feature","properties":{"ID":30,"DESCRIPCIO":"PUESTO DE CHAPEAUROUGE","TIPO":"PUESTO"},"geometry":{"type":"Point","coordinates":[-59.332681,-34.329185]}},{"type":"Feature","properties":{"ID":30,"DESCRIPCIO":"ANTONIO SARATE","TIPO":"CASA"},"geometry":{"type":"Point","coordinates":[-59.340809,-34.348644]}},{"type":"Feature","properties":{"ID":30,"DESCRIPCIO":"JULIAN MONSALVO","TIPO":"CASA"},"geometry":{"type":"Point","coordinates":[-59.333205,-34.357428]}},{"type":"Feature","properties":{"ID":30,"DESCRIPCIO":"DIAZ","TIPO":"CASA"},"geometry":{"type":"Point","coordinates":[-59.302652,-34.351724]}},{"type":"Feature","properties":{"ID":30,"DESCRIPCIO":"JOSE MONSALVO","TIPO":"CASA"},"geometry":{"type":"Point","coordinates":[-59.301794,-34.3538]}},{"type":"Feature","properties":{"ID":30,"DESCRIPCIO":"J. SOSA","TIPO":"CASA"},"geometry":{"type":"Point","coordinates":[-59.302688,-34.370131]}},{"type":"Feature","properties":{"ID":30,"DESCRIPCIO":"J. MARMOL","TIPO":"CASA"},"geometry":{"type":"Point","coordinates":[-59.297293,-34.375515]}},{"type":"Feature","properties":{"ID":30,"DESCRIPCIO":"TERESA NAVARRO","TIPO":"CASA"},"geometry":{"type":"Point","coordinates":[-59.285199,-34.373608]}},{"type":"Feature","properties":{"ID":30,"DESCRIPCIO":"GREG. MONSALVO","TIPO":"CASA"},"geometry":{"type":"Point","coordinates":[-59.266825,-34.391489]}},{"type":"Feature","properties":{"ID":30,"DESCRIPCIO":"AGUIRRE","TIPO":"CASA"},"geometry":{"type":"Point","coordinates":[-59.264628,-34.391804]}},{"type":"Feature","properties":{"ID":30,"DESCRIPCIO":"BERA","TIPO":"CASA"},"geometry":{"type":"Point","coordinates":[-59.276415,-34.399232]}},{"type":"Feature","properties":{"ID":32,"DESCRIPCIO":"FELIX ROMERO","TIPO":"CASA"},"geometry":{"type":"Point","coordinates":[-59.3943,-34.380849]}},{"type":"Feature","properties":{"ID":32,"DESCRIPCIO":"LORENZO TORRES","TIPO":"CASA"},"geometry":{"type":"Point","coordinates":[-59.395829,-34.376852]}},{"type":"Feature","properties":{"ID":32,"DESCRIPCIO":"MELITON RODRIGUEZ","TIPO":"CASA"},"geometry":{"type":"Point","coordinates":[-59.380203,-34.400456]}},{"type":"Feature","properties":{"ID":32,"DESCRIPCIO":"PUESTO DE TORRES","TIPO":"PUESTO"},"geometry":{"type":"Point","coordinates":[-59.363151,-34.406558]}},{"type":"Feature","properties":{"ID":32,"DESCRIPCIO":"PABLO RODRIGUEZ","TIPO":"CASA"},"geometry":{"type":"Point","coordinates":[-59.371115,-34.409425]}},{"type":"Feature","properties":{"ID":32,"DESCRIPCIO":"TAPERA DE DUARTE","TIPO":"TAPERA"},"geometry":{"type":"Point","coordinates":[-59.356735,-34.409064]}},{"type":"Feature","properties":{"ID":0,"DESCRIPCIO":"PUESTO DE TORRES","TIPO":"PUESTO"},"geometry":{"type":"Point","coordinates":[-59.354536,-34.416551]}},{"type":"Feature","properties":{"ID":32,"DESCRIPCIO":"PUESTO DE TORRES","TIPO":"PUESTO"},"geometry":{"type":"Point","coordinates":[-59.34061,-34.422029]}},{"type":"Feature","properties":{"ID":0,"DESCRIPCIO":"DOÑA GERVACIA DUARTE","TIPO":"CASA"},"geometry":{"type":"Point","coordinates":[-59.353788,-34.423989]}},{"type":"Feature","properties":{"ID":0,"DESCRIPCIO":"PUESTO DE F. ROMERO","TIPO":"PUESTO"},"geometry":{"type":"Point","coordinates":[-59.344725,-34.425772]}},{"type":"Feature","properties":{"ID":32,"DESCRIPCIO":"TADEO RODRIGUEZ","TIPO":"CASA"},"geometry":{"type":"Point","coordinates":[-59.354043,-34.426795]}},{"type":"Feature","properties":{"ID":32,"DESCRIPCIO":"DOÑA MAURICIA DUARTE DE RODRIGUEZ","TIPO":"CASA"},"geometry":{"type":"Point","coordinates":[-59.346526,-34.433968]}},{"type":"Feature","properties":{"ID":32,"DESCRIPCIO":"PASCUAL RODRIGUEZ","TIPO":"CASA"},"geometry":{"type":"Point","coordinates":[-59.337966,-34.441993]}},{"type":"Feature","properties":{"ID":33,"DESCRIPCIO":"CASA ANDRADE","TIPO":"CASA"},"geometry":{"type":"Point","coordinates":[-59.502368,-34.403278]}},{"type":"Feature","properties":{"ID":33,"DESCRIPCIO":"CASA SILVA","TIPO":"CASA"},"geometry":{"type":"Point","coordinates":[-59.49218,-34.393934]}},{"type":"Feature","properties":{"ID":34,"DESCRIPCIO":"FLORES","TIPO":"CASA"},"geometry":{"type":"Point","coordinates":[-59.531464,-34.41923]}},{"type":"Feature","properties":{"ID":34,"DESCRIPCIO":"S. NISSON","TIPO":"CASA"},"geometry":{"type":"Point","coordinates":[-59.540336,-34.428446]}},{"type":"Feature","properties":{"ID":34,"DESCRIPCIO":"BUTERFIELD","TIPO":"CASA"},"geometry":{"type":"Point","coordinates":[-59.556737,-34.443175]}},{"type":"Feature","properties":{"ID":35,"DESCRIPCIO":"CASA DE LA SRA. RODRIGUEZ","TIPO":"CASA"},"geometry":{"type":"Point","coordinates":[-59.343177,-34.434418]}},{"type":"Feature","properties":{"ID":35,"DESCRIPCIO":"TADEO RODRIGUEZ","TIPO":"CASA"},"geometry":{"type":"Point","coordinates":[-59.349926,-34.422469]}},{"type":"Feature","properties":{"ID":36,"DESCRIPCIO":"JOSEFA AREVALO DE ORMACHEA","TIPO":"CASA"},"geometry":{"type":"Point","coordinates":[-59.29681,-34.415026]}},{"type":"Feature","properties":{"ID":36,"DESCRIPCIO":"ISIDORA ORMAECHEA","TIPO":"CASA"},"geometry":{"type":"Point","coordinates":[-59.28978,-34.421397]}},{"type":"Feature","properties":{"ID":36,"DESCRIPCIO":"MAURICIA DUARTE","TIPO":"CASA"},"geometry":{"type":"Point","coordinates":[-59.341774,-34.432735]}},{"type":"Feature","properties":{"ID":36,"DESCRIPCIO":"RAMONA M. DE ORMACHEA","TIPO":"CASA"},"geometry":{"type":"Point","coordinates":[-59.270793,-34.443923]}},{"type":"Feature","properties":{"ID":37,"DESCRIPCIO":"CASA DE ACUÑA","TIPO":"CASA"},"geometry":{"type":"Point","coordinates":[-59.489343,-34.548642]}},{"type":"Feature","properties":{"ID":37,"DESCRIPCIO":"CASA DE BUTTERFILL","TIPO":"CASA"},"geometry":{"type":"Point","coordinates":[-59.474936,-34.483421]}},{"type":"Feature","properties":{"ID":37,"DESCRIPCIO":"ESTANCIA PRINCIPAL","TIPO":"CASA"},"geometry":{"type":"Point","coordinates":[-59.551829,-34.507148]}},{"type":"Feature","properties":{"ID":38,"DESCRIPCIO":"TAPERA","TIPO":"TAPERA"},"geometry":{"type":"Point","coordinates":[-59.539817,-34.356126]}},{"type":"Feature","properties":{"ID":38,"DESCRIPCIO":"PUESTO","TIPO":"PUESTO"},"geometry":{"type":"Point","coordinates":[-59.561522,-34.364643]}},{"type":"Feature","properties":{"ID":38,"DESCRIPCIO":"JUAN ALARCK","TIPO":"CASA"},"geometry":{"type":"Point","coordinates":[-59.582499,-34.385151]}},{"type":"Feature","properties":{"ID":38,"DESCRIPCIO":"PUESTO DUBERTY","TIPO":"PUESTO"},"geometry":{"type":"Point","coordinates":[-59.562832,-34.41437]}},{"type":"Feature","properties":{"ID":38,"DESCRIPCIO":"L. LOURDES","TIPO":"CASA"},"geometry":{"type":"Point","coordinates":[-59.565279,-34.408761]}},{"type":"Feature","properties":{"ID":38,"DESCRIPCIO":"JOSE RODRIGUEZ","TIPO":"CASA"},"geometry":{"type":"Point","coordinates":[-59.521361,-34.402324]}},{"type":"Feature","properties":{"ID":38,"DESCRIPCIO":"J. MOROW","TIPO":"CASA"},"geometry":{"type":"Point","coordinates":[-59.529454,-34.398385]}},{"type":"Feature","properties":{"ID":40,"DESCRIPCIO":"MARTINEZ","TIPO":"CASA"},"geometry":{"type":"Point","coordinates":[-59.542039,-34.351049]}},{"type":"Feature","properties":{"ID":40,"DESCRIPCIO":"MARTINEZ","TIPO":"CASA"},"geometry":{"type":"Point","coordinates":[-59.507662,-34.372704]}},{"type":"Feature","properties":{"ID":40,"DESCRIPCIO":"SOSA","TIPO":"CASA"},"geometry":{"type":"Point","coordinates":[-59.443297,-34.423124]}},{"type":"Feature","properties":{"ID":40,"DESCRIPCIO":"FLORES","TIPO":"CASA"},"geometry":{"type":"Point","coordinates":[-59.443282,-34.405736]}},{"type":"Feature","properties":{"ID":40,"DESCRIPCIO":"MORGAN","TIPO":"CASA"},"geometry":{"type":"Point","coordinates":[-59.478524,-34.365027]}},{"type":"Feature","properties":{"ID":41,"DESCRIPCIO":"MARTINEZ","TIPO":"CASA"},"geometry":{"type":"Point","coordinates":[-59.541729,-34.350667]}},{"type":"Feature","properties":{"ID":43,"DESCRIPCIO":"ESTANCIA BUENA FE","TIPO":"CASA"},"geometry":{"type":"Point","coordinates":[-59.37974,-34.337957]}},{"type":"Feature","properties":{"ID":43,"DESCRIPCIO":"PTO. DE RUFINO CUFRE","TIPO":"PUESTO"},"geometry":{"type":"Point","coordinates":[-59.377853,-34.330673]}},{"type":"Feature","properties":{"ID":43,"DESCRIPCIO":"PUESTO DE REYES","TIPO":"PUESTO"},"geometry":{"type":"Point","coordinates":[-59.369537,-34.332508]}},{"type":"Feature","properties":{"ID":43,"DESCRIPCIO":"POB. DE VAL. CUFRE","TIPO":"CASA"},"geometry":{"type":"Point","coordinates":[-59.367598,-34.33709]}},{"type":"Feature","properties":{"ID":43,"DESCRIPCIO":"PTO. DE CHAIRE","TIPO":"PUESTO"},"geometry":{"type":"Point","coordinates":[-59.348903,-34.35175]}},{"type":"Feature","properties":{"ID":43,"DESCRIPCIO":"PTO. DE MIGUEL DILLON","TIPO":"PUESTO"},"geometry":{"type":"Point","coordinates":[-59.353561,-34.358482]}},{"type":"Feature","properties":{"ID":43,"DESCRIPCIO":"PTO. DE ENRIQUE BEARD","TIPO":"PUESTO"},"geometry":{"type":"Point","coordinates":[-59.338077,-34.371697]}},{"type":"Feature","properties":{"ID":43,"DESCRIPCIO":"PUESTO","TIPO":"PUESTO"},"geometry":{"type":"Point","coordinates":[-59.356764,-34.365452]}},{"type":"Feature","properties":{"ID":43,"DESCRIPCIO":"PUESTO DE  ARNULFO TISEIRA","TIPO":"PUESTO"},"geometry":{"type":"Point","coordinates":[-59.33763,-34.377323]}},{"type":"Feature","properties":{"ID":43,"DESCRIPCIO":"POB. DE T.B. SOSA","TIPO":"CASA"},"geometry":{"type":"Point","coordinates":[-59.340823,-34.394283]}},{"type":"Feature","properties":{"ID":43,"DESCRIPCIO":"PUESTO","TIPO":"PUESTO"},"geometry":{"type":"Point","coordinates":[-59.331071,-34.399418]}},{"type":"Feature","properties":{"ID":43,"DESCRIPCIO":"LA ADELINA","TIPO":"CASA"},"geometry":{"type":"Point","coordinates":[-59.334284,-34.402536]}},{"type":"Feature","properties":{"ID":43,"DESCRIPCIO":"PULPERIA DE FRANCISCO MAGADAN","TIPO":"PULPERIA"},"geometry":{"type":"Point","coordinates":[-59.370478,-34.353784]}},{"type":"Feature","properties":{"ID":44,"DESCRIPCIO":"STA. ELENA","TIPO":"CASA"},"geometry":{"type":"Point","coordinates":[-59.392249,-34.366477]}},{"type":"Feature","properties":{"ID":44,"DESCRIPCIO":"POBLACION DE ROMERO","TIPO":"CASA"},"geometry":{"type":"Point","coordinates":[-59.391734,-34.370882]}},{"type":"Feature","properties":{"ID":44,"DESCRIPCIO":"PTO. STA. ROSALIA","TIPO":"PUESTO"},"geometry":{"type":"Point","coordinates":[-59.377704,-34.382489]}},{"type":"Feature","properties":{"ID":44,"DESCRIPCIO":"STA. MARIA","TIPO":"CASA"},"geometry":{"type":"Point","coordinates":[-59.357129,-34.400529]}},{"type":"Feature","properties":{"ID":44,"DESCRIPCIO":"LA ADELINA","TIPO":"CASA"},"geometry":{"type":"Point","coordinates":[-59.334143,-34.403567]}},{"type":"Feature","properties":{"ID":44,"DESCRIPCIO":"POB. DE P.B. SOSA","TIPO":"CASA"},"geometry":{"type":"Point","coordinates":[-59.340723,-34.395231]}},{"type":"Feature","properties":{"ID":44,"DESCRIPCIO":"POB. DE FUENTES","TIPO":"CASA"},"geometry":{"type":"Point","coordinates":[-59.342793,-34.402779]}},{"type":"Feature","properties":{"ID":44,"DESCRIPCIO":"STA. CLARA","TIPO":"CASA"},"geometry":{"type":"Point","coordinates":[-59.330066,-34.418308]}},{"type":"Feature","properties":{"ID":44,"DESCRIPCIO":"POB. DE FLORES","TIPO":"CASA"},"geometry":{"type":"Point","coordinates":[-59.319264,-34.423019]}},{"type":"Feature","properties":{"ID":44,"DESCRIPCIO":"POB. DE BELEN","TIPO":"CASA"},"geometry":{"type":"Point","coordinates":[-59.33682,-34.423067]}},{"type":"Feature","properties":{"ID":44,"DESCRIPCIO":"SAN LORENZO","TIPO":"CASA"},"geometry":{"type":"Point","coordinates":[-59.347321,-34.412534]}},{"type":"Feature","properties":{"ID":46,"DESCRIPCIO":"SUSANA C.","TIPO":"CASA"},"geometry":{"type":"Point","coordinates":[-59.443022,-34.418481]}},{"type":"Feature","properties":{"ID":46,"DESCRIPCIO":"ESTANCIA","TIPO":"CASA"},"geometry":{"type":"Point","coordinates":[-59.454717,-34.432594]}},{"type":"Feature","properties":{"ID":46,"DESCRIPCIO":"PUESTO","TIPO":"PUESTO"},"geometry":{"type":"Point","coordinates":[-59.461703,-34.436405]}},{"type":"Feature","properties":{"ID":46,"DESCRIPCIO":"PUESTO","TIPO":"PUESTO"},"geometry":{"type":"Point","coordinates":[-59.480704,-34.424622]}},{"type":"Feature","properties":{"ID":46,"DESCRIPCIO":"PUESTO","TIPO":"PUESTO"},"geometry":{"type":"Point","coordinates":[-59.476255,-34.422575]}},{"type":"Feature","properties":{"ID":46,"DESCRIPCIO":"PUESTO DE IGNACIO C.","TIPO":"PUESTO"},"geometry":{"type":"Point","coordinates":[-59.485682,-34.41069]}},{"type":"Feature","properties":{"ID":46,"DESCRIPCIO":"J. SILVA","TIPO":"CASA"},"geometry":{"type":"Point","coordinates":[-59.490696,-34.390676]}},{"type":"Feature","properties":{"ID":46,"DESCRIPCIO":"S. ANDRADE","TIPO":"CASA"},"geometry":{"type":"Point","coordinates":[-59.50191,-34.40384]}},{"type":"Feature","properties":{"ID":46,"DESCRIPCIO":"IS. CUCULLO","TIPO":"CASA"},"geometry":{"type":"Point","coordinates":[-59.51595,-34.396877]}},{"type":"Feature","properties":{"ID":46,"DESCRIPCIO":"PUESTO","TIPO":"PUESTO"},"geometry":{"type":"Point","coordinates":[-59.502146,-34.409761]}},{"type":"Feature","properties":{"ID":47,"DESCRIPCIO":"ROMANA DIAZ","TIPO":"CASA"},"geometry":{"type":"Point","coordinates":[-59.350971,-34.479836]}},{"type":"Feature","properties":{"ID":47,"DESCRIPCIO":"ROM. DIAZ","TIPO":"CASA"},"geometry":{"type":"Point","coordinates":[-59.357126,-34.469322]}},{"type":"Feature","properties":{"ID":47,"DESCRIPCIO":"FACUNDO CASAS","TIPO":"CASA"},"geometry":{"type":"Point","coordinates":[-59.343925,-34.478182]}},{"type":"Feature","properties":{"ID":47,"DESCRIPCIO":"C. LUCERO","TIPO":"CASA"},"geometry":{"type":"Point","coordinates":[-59.35147,-34.458931]}},{"type":"Feature","properties":{"ID":47,"DESCRIPCIO":"FR. AREVALO","TIPO":"CASA"},"geometry":{"type":"Point","coordinates":[-59.360285,-34.453883]}},{"type":"Feature","properties":{"ID":47,"DESCRIPCIO":"GR. GONZALEZ","TIPO":"CASA"},"geometry":{"type":"Point","coordinates":[-59.324437,-34.49479]}},{"type":"Feature","properties":{"ID":47,"DESCRIPCIO":"PUESTO","TIPO":"PUESTO"},"geometry":{"type":"Point","coordinates":[-59.315764,-34.486679]}},{"type":"Feature","properties":{"ID":47,"DESCRIPCIO":"PRUDENCIO RODRIGUEZ","TIPO":"CASA"},"geometry":{"type":"Point","coordinates":[-59.324838,-34.484526]}},{"type":"Feature","properties":{"ID":47,"DESCRIPCIO":"REMIGIO R.","TIPO":"CASA"},"geometry":{"type":"Point","coordinates":[-59.340184,-34.449349]}},{"type":"Feature","properties":{"ID":47,"DESCRIPCIO":"GR. R. DE CASTRO","TIPO":"CASA"},"geometry":{"type":"Point","coordinates":[-59.297414,-34.475978]}},{"type":"Feature","properties":{"ID":47,"DESCRIPCIO":"P. A. QUEVEDO","TIPO":"CASA"},"geometry":{"type":"Point","coordinates":[-59.287736,-34.471021]}},{"type":"Feature","properties":{"ID":47,"DESCRIPCIO":"NICOL. CASTRO","TIPO":"CASA"},"geometry":{"type":"Point","coordinates":[-59.300613,-34.461042]}},{"type":"Feature","properties":{"ID":47,"DESCRIPCIO":"PASCUAL RODRIGUEZ","TIPO":"CASA"},"geometry":{"type":"Point","coordinates":[-59.330177,-34.440504]}},{"type":"Feature","properties":{"ID":47,"DESCRIPCIO":"M. DUARTE","TIPO":"CASA"},"geometry":{"type":"Point","coordinates":[-59.340883,-34.433454]}},{"type":"Feature","properties":{"ID":49,"DESCRIPCIO":"PASCUAL RODRIGUEZ","TIPO":"CASA"},"geometry":{"type":"Point","coordinates":[-59.318858,-34.43064]}},{"type":"Feature","properties":{"ID":49,"DESCRIPCIO":"R.P. RODRIGUEZ","TIPO":"CASA"},"geometry":{"type":"Point","coordinates":[-59.313515,-34.429215]}},{"type":"Feature","properties":{"ID":49,"DESCRIPCIO":"QUEVEDO","TIPO":"CASA"},"geometry":{"type":"Point","coordinates":[-59.288681,-34.468352]}},{"type":"Feature","properties":{"ID":49,"DESCRIPCIO":"SILVA","TIPO":"CASA"},"geometry":{"type":"Point","coordinates":[-59.280456,-34.467064]}},{"type":"Feature","properties":{"ID":51,"DESCRIPCIO":"JOSEFA ORMACHEA","TIPO":"CASA"},"geometry":{"type":"Point","coordinates":[-59.298287,-34.415433]}},{"type":"Feature","properties":{"ID":51,"DESCRIPCIO":"ISIDORA ORM...","TIPO":"CASA"},"geometry":{"type":"Point","coordinates":[-59.289854,-34.427477]}},{"type":"Feature","properties":{"ID":51,"DESCRIPCIO":"BRUNO TORRES","TIPO":"CASA"},"geometry":{"type":"Point","coordinates":[-59.284047,-34.440108]}},{"type":"Feature","properties":{"ID":51,"DESCRIPCIO":"PUESTO","TIPO":"PUESTO"},"geometry":{"type":"Point","coordinates":[-59.304818,-34.434754]}},{"type":"Feature","properties":{"ID":51,"DESCRIPCIO":"EL TALA","TIPO":"CASA"},"geometry":{"type":"Point","coordinates":[-59.281626,-34.460557]}},{"type":"Feature","properties":{"ID":52,"DESCRIPCIO":"ARRENDATARIO","TIPO":"ARRENDATARIO"},"geometry":{"type":"Point","coordinates":[-59.675868,-34.463106]}},{"type":"Feature","properties":{"ID":52,"DESCRIPCIO":"ARRENDATARIO","TIPO":"ARRENDATARIO"},"geometry":{"type":"Point","coordinates":[-59.652535,-34.464903]}},{"type":"Feature","properties":{"ID":52,"DESCRIPCIO":"PUESTO","TIPO":"PUESTO"},"geometry":{"type":"Point","coordinates":[-59.636422,-34.455339]}},{"type":"Feature","properties":{"ID":52,"DESCRIPCIO":"PUESTO","TIPO":"PUESTO"},"geometry":{"type":"Point","coordinates":[-59.644518,-34.440552]}},{"type":"Feature","properties":{"ID":52,"DESCRIPCIO":"PUESTO","TIPO":"PUESTO"},"geometry":{"type":"Point","coordinates":[-59.664732,-34.439535]}},{"type":"Feature","properties":{"ID":52,"DESCRIPCIO":"ESTANCIA DE CAPRILE Y PICASSO","TIPO":"CASA"},"geometry":{"type":"Point","coordinates":[-59.652508,-34.42977]}},{"type":"Feature","properties":{"ID":53,"DESCRIPCIO":"ARRENDATARIO","TIPO":"ARRENDATARIO"},"geometry":{"type":"Point","coordinates":[-59.739092,-34.43943]}},{"type":"Feature","properties":{"ID":53,"DESCRIPCIO":"ARRENDATARIO","TIPO":"ARRENDATARIO"},"geometry":{"type":"Point","coordinates":[-59.746751,-34.463059]}},{"type":"Feature","properties":{"ID":53,"DESCRIPCIO":"ARRENDATARIO","TIPO":"ARRENDATARIO"},"geometry":{"type":"Point","coordinates":[-59.733555,-34.475159]}},{"type":"Feature","properties":{"ID":53,"DESCRIPCIO":"ARRENDATARIO","TIPO":"ARRENDATARIO"},"geometry":{"type":"Point","coordinates":[-59.714865,-34.467898]}},{"type":"Feature","properties":{"ID":53,"DESCRIPCIO":"ARRENDATARIO","TIPO":"ARRENDATARIO"},"geometry":{"type":"Point","coordinates":[-59.711933,-34.453652]}},{"type":"Feature","properties":{"ID":53,"DESCRIPCIO":"ARRENDATARIO","TIPO":"ARRENDATARIO"},"geometry":{"type":"Point","coordinates":[-59.7306,-34.43512]}},{"type":"Feature","properties":{"ID":53,"DESCRIPCIO":"PUESTO DE CRAIG","TIPO":"PUESTO"},"geometry":{"type":"Point","coordinates":[-59.749877,-34.469434]}},{"type":"Feature","properties":{"ID":54,"DESCRIPCIO":"AZOTEA DE BERNAL","TIPO":"CASA"},"geometry":{"type":"Point","coordinates":[-59.592165,-34.533369]}},{"type":"Feature","properties":{"ID":54,"DESCRIPCIO":"GRASERIA","TIPO":"GRASERIA"},"geometry":{"type":"Point","coordinates":[-59.549385,-34.541139]}},{"type":"Feature","properties":{"ID":54,"DESCRIPCIO":"PULPERIA","TIPO":"PULPERIA"},"geometry":{"type":"Point","coordinates":[-59.54782,-34.542672]}},{"type":"Feature","properties":{"ID":54,"DESCRIPCIO":"MONTE DE AVILA","TIPO":"CASA"},"geometry":{"type":"Point","coordinates":[-59.539263,-34.570318]}},{"type":"Feature","properties":{"ID":56,"DESCRIPCIO":"ESTANCIA DE ROSENDO DE DIOS","TIPO":"CASA"},"geometry":{"type":"Point","coordinates":[-59.421754,-34.336941]}},{"type":"Feature","properties":{"ID":56,"DESCRIPCIO":"PUESTO DE DON JOSE FIGUEROA","TIPO":"PUESTO"},"geometry":{"type":"Point","coordinates":[-59.44321,-34.32792]}},{"type":"Feature","properties":{"ID":56,"DESCRIPCIO":"PUESTO DE DON ROSENDO DE DIOS","TIPO":"PUESTO"},"geometry":{"type":"Point","coordinates":[-59.402318,-34.368238]}},{"type":"Feature","properties":{"ID":55,"DESCRIPCIO":"DÑA. CARMEN","TIPO":"CASA"},"geometry":{"type":"Point","coordinates":[-59.646943,-34.61618]}},{"type":"Feature","properties":{"ID":55,"DESCRIPCIO":"DÑA. TEODORA","TIPO":"CASA"},"geometry":{"type":"Point","coordinates":[-59.643919,-34.606482]}},{"type":"Feature","properties":{"ID":55,"DESCRIPCIO":"LIMA","TIPO":"CASA"},"geometry":{"type":"Point","coordinates":[-59.627048,-34.54919]}},{"type":"Feature","properties":{"ID":55,"DESCRIPCIO":"DON CARLOS","TIPO":"CASA"},"geometry":{"type":"Point","coordinates":[-59.584852,-34.556806]}},{"type":"Feature","properties":{"ID":55,"DESCRIPCIO":"CARRASCO","TIPO":"CASA"},"geometry":{"type":"Point","coordinates":[-59.669101,-34.530082]}},{"type":"Feature","properties":{"ID":55,"DESCRIPCIO":"ECHEVERRIA","TIPO":"CASA"},"geometry":{"type":"Point","coordinates":[-59.629529,-34.517745]}},{"type":"Feature","properties":{"ID":55,"DESCRIPCIO":"COLMENERO","TIPO":"CASA"},"geometry":{"type":"Point","coordinates":[-59.557636,-34.558499]}},{"type":"Feature","properties":{"ID":57,"DESCRIPCIO":"TAPERA DE JOSEFA ROMERO","TIPO":"TAPERA"},"geometry":{"type":"Point","coordinates":[-59.401867,-34.397609]}},{"type":"Feature","properties":{"ID":57,"DESCRIPCIO":"AGUSTIN VELOZ","TIPO":"CASA"},"geometry":{"type":"Point","coordinates":[-59.407893,-34.397511]}},{"type":"Feature","properties":{"ID":57,"DESCRIPCIO":"PEDRO PABLO VELOZ","TIPO":"CASA"},"geometry":{"type":"Point","coordinates":[-59.419311,-34.405585]}},{"type":"Feature","properties":{"ID":57,"DESCRIPCIO":"PUESTO DE PEDRO PABLO","TIPO":"PUESTO"},"geometry":{"type":"Point","coordinates":[-59.403689,-34.419182]}},{"type":"Feature","properties":{"ID":57,"DESCRIPCIO":"SIN IDENTIFICAR","TIPO":"CASA S/I"},"geometry":{"type":"Point","coordinates":[-59.398774,-34.407602]}},{"type":"Feature","properties":{"ID":57,"DESCRIPCIO":"SIN IDENTIFICAR","TIPO":"CASA S/I"},"geometry":{"type":"Point","coordinates":[-59.381842,-34.424833]}},{"type":"Feature","properties":{"ID":57,"DESCRIPCIO":"SIN IDENTIFICAR","TIPO":"CASA S/I"},"geometry":{"type":"Point","coordinates":[-59.377906,-34.427628]}},{"type":"Feature","properties":{"ID":57,"DESCRIPCIO":"ALEJO VELOZ","TIPO":"CASA"},"geometry":{"type":"Point","coordinates":[-59.377118,-34.440742]}},{"type":"Feature","properties":{"ID":58,"DESCRIPCIO":"ESTANCIA PRINCIPAL","TIPO":"CASA"},"geometry":{"type":"Point","coordinates":[-59.464075,-34.447763]}},{"type":"Feature","properties":{"ID":58,"DESCRIPCIO":"PUESTO","TIPO":"PUESTO"},"geometry":{"type":"Point","coordinates":[-59.471578,-34.456525]}},{"type":"Feature","properties":{"ID":58,"DESCRIPCIO":"PUESTO","TIPO":"PUESTO"},"geometry":{"type":"Point","coordinates":[-59.462117,-34.436557]}},{"type":"Feature","properties":{"ID":58,"DESCRIPCIO":"PUESTO","TIPO":"PUESTO"},"geometry":{"type":"Point","coordinates":[-59.501022,-34.436722]}},{"type":"Feature","properties":{"ID":58,"DESCRIPCIO":"PUESTO","TIPO":"PUESTO"},"geometry":{"type":"Point","coordinates":[-59.478592,-34.426002]}},{"type":"Feature","properties":{"ID":58,"DESCRIPCIO":"PUESTO","TIPO":"PUESTO"},"geometry":{"type":"Point","coordinates":[-59.516422,-34.424405]}},{"type":"Feature","properties":{"ID":58,"DESCRIPCIO":"PUESTO","TIPO":"PUESTO"},"geometry":{"type":"Point","coordinates":[-59.501483,-34.410034]}},{"type":"Feature","properties":{"ID":58,"DESCRIPCIO":"PUESTO","TIPO":"PUESTO"},"geometry":{"type":"Point","coordinates":[-59.521257,-34.401741]}},{"type":"Feature","properties":{"ID":59,"DESCRIPCIO":"PUESTO","TIPO":"PUESTO"},"geometry":{"type":"Point","coordinates":[-59.364062,-34.502143]}},{"type":"Feature","properties":{"ID":59,"DESCRIPCIO":"PUESTO","TIPO":"PUESTO"},"geometry":{"type":"Point","coordinates":[-59.349219,-34.493717]}},{"type":"Feature","properties":{"ID":59,"DESCRIPCIO":"P. DE DON FERNANDO","TIPO":"PUESTO"},"geometry":{"type":"Point","coordinates":[-59.375985,-34.481431]}},{"type":"Feature","properties":{"ID":59,"DESCRIPCIO":"PUESTO","TIPO":"PUESTO"},"geometry":{"type":"Point","coordinates":[-59.393949,-34.470597]}},{"type":"Feature","properties":{"ID":61,"DESCRIPCIO":"J. A ARANGUREN","TIPO":"CASA"},"geometry":{"type":"Point","coordinates":[-59.695555,-34.562419]}},{"type":"Feature","properties":{"ID":61,"DESCRIPCIO":"J. F. MARTINEZ","TIPO":"CASA"},"geometry":{"type":"Point","coordinates":[-59.657336,-34.52492]}},{"type":"Feature","properties":{"ID":62,"DESCRIPCIO":"PUESTO DEL INGLES","TIPO":"PUESTO"},"geometry":{"type":"Point","coordinates":[-59.456093,-34.317383]}},{"type":"Feature","properties":{"ID":62,"DESCRIPCIO":"PUESTO","TIPO":"PUESTO"},"geometry":{"type":"Point","coordinates":[-59.462373,-34.322017]}},{"type":"Feature","properties":{"ID":62,"DESCRIPCIO":"PUESTO DE FIGUEROA","TIPO":"PUESTO"},"geometry":{"type":"Point","coordinates":[-59.430382,-34.318008]}},{"type":"Feature","properties":{"ID":62,"DESCRIPCIO":"PUESTO DE FIGUEROA","TIPO":"PUESTO"},"geometry":{"type":"Point","coordinates":[-59.443641,-34.328921]}},{"type":"Feature","properties":{"ID":62,"DESCRIPCIO":"PUESTO DE DURAND","TIPO":"PUESTO"},"geometry":{"type":"Point","coordinates":[-59.430325,-34.293429]}},{"type":"Feature","properties":{"ID":62,"DESCRIPCIO":"ESTANCIA DE DURAND","TIPO":"CASA"},"geometry":{"type":"Point","coordinates":[-59.429262,-34.28606]}},{"type":"Feature","properties":{"ID":62,"DESCRIPCIO":"PUESTO ALMADA","TIPO":"PUESTO"},"geometry":{"type":"Point","coordinates":[-59.448348,-34.298046]}},{"type":"Feature","properties":{"ID":63,"DESCRIPCIO":"PUESTO","TIPO":"PUESTO"},"geometry":{"type":"Point","coordinates":[-59.742691,-34.492488]}},{"type":"Feature","properties":{"ID":63,"DESCRIPCIO":"PUESTO","TIPO":"PUESTO"},"geometry":{"type":"Point","coordinates":[-59.721354,-34.498464]}},{"type":"Feature","properties":{"ID":63,"DESCRIPCIO":"PUESTO","TIPO":"PUESTO"},"geometry":{"type":"Point","coordinates":[-59.767131,-34.508815]}},{"type":"Feature","properties":{"ID":63,"DESCRIPCIO":"EST. DE J. DE ALFONSIN","TIPO":"CASA"},"geometry":{"type":"Point","coordinates":[-59.754832,-34.515066]}},{"type":"Feature","properties":{"ID":63,"DESCRIPCIO":"EST. DE CASADO","TIPO":"CASA"},"geometry":{"type":"Point","coordinates":[-59.697825,-34.529295]}},{"type":"Feature","properties":{"ID":63,"DESCRIPCIO":"EST. DE ALFONSIN","TIPO":"CASA"},"geometry":{"type":"Point","coordinates":[-59.713584,-34.487735]}},{"type":"Feature","properties":{"ID":63,"DESCRIPCIO":"EST. DE MARIA ROCHA","TIPO":"CASA"},"geometry":{"type":"Point","coordinates":[-59.770697,-34.507969]}},{"type":"Feature","properties":{"ID":65,"DESCRIPCIO":"ESTANCIA DE D. GUILLERMO (ACUÑA)","TIPO":"CASA"},"geometry":{"type":"Point","coordinates":[-59.467138,-34.565088]}},{"type":"Feature","properties":{"ID":65,"DESCRIPCIO":"EST. DE DÑA. VALENTINA A. DE ACUÑA","TIPO":"CASA"},"geometry":{"type":"Point","coordinates":[-59.493538,-34.540515]}},{"type":"Feature","properties":{"ID":65,"DESCRIPCIO":"ESTANCIA","TIPO":"CASA"},"geometry":{"type":"Point","coordinates":[-59.477529,-34.528713]}},{"type":"Feature","properties":{"ID":66,"DESCRIPCIO":"POB. DE JOSE MONSALVO","TIPO":"CASA"},"geometry":{"type":"Point","coordinates":[-59.538731,-34.515722]}},{"type":"Feature","properties":{"ID":66,"DESCRIPCIO":"POBLACION","TIPO":"CASA"},"geometry":{"type":"Point","coordinates":[-59.55188,-34.511192]}},{"type":"Feature","properties":{"ID":66,"DESCRIPCIO":"POB. DE FRIAS","TIPO":"CASA"},"geometry":{"type":"Point","coordinates":[-59.593098,-34.499791]}},{"type":"Feature","properties":{"ID":66,"DESCRIPCIO":"ESTANCIA DE CARRY","TIPO":"CASA"},"geometry":{"type":"Point","coordinates":[-59.594381,-34.493678]}},{"type":"Feature","properties":{"ID":66,"DESCRIPCIO":"POB. DE CRECENCIO MONSALVO","TIPO":"CASA"},"geometry":{"type":"Point","coordinates":[-59.543824,-34.478008]}},{"type":"Feature","properties":{"ID":66,"DESCRIPCIO":"ESTANCIA","TIPO":"CASA"},"geometry":{"type":"Point","coordinates":[-59.505719,-34.492779]}},{"type":"Feature","properties":{"ID":67,"DESCRIPCIO":"MORGAN","TIPO":"CASA"},"geometry":{"type":"Point","coordinates":[-59.504012,-34.355664]}},{"type":"Feature","properties":{"ID":68,"DESCRIPCIO":"PULPERIA","TIPO":"PULPERIA"},"geometry":{"type":"Point","coordinates":[-59.436048,-34.526866]}},{"type":"Feature","properties":{"ID":68,"DESCRIPCIO":"ESTANCIA DE NUGENT","TIPO":"CASA"},"geometry":{"type":"Point","coordinates":[-59.438203,-34.51507]}},{"type":"Feature","properties":{"ID":68,"DESCRIPCIO":"POB. DE DÑA ROMUALDA","TIPO":"CASA"},"geometry":{"type":"Point","coordinates":[-59.425115,-34.482382]}},{"type":"Feature","properties":{"ID":68,"DESCRIPCIO":"POB. DE CUCULLU","TIPO":"CASA"},"geometry":{"type":"Point","coordinates":[-59.435331,-34.479388]}},{"type":"Feature","properties":{"ID":69,"DESCRIPCIO":"ESTANCIA","TIPO":"CASA"},"geometry":{"type":"Point","coordinates":[-59.363063,-34.292946]}},{"type":"Feature","properties":{"ID":69,"DESCRIPCIO":"PUESTO","TIPO":"PUESTO"},"geometry":{"type":"Point","coordinates":[-59.370473,-34.293485]}},{"type":"Feature","properties":{"ID":69,"DESCRIPCIO":"PUESTO","TIPO":"PUESTO"},"geometry":{"type":"Point","coordinates":[-59.343075,-34.302214]}},{"type":"Feature","properties":{"ID":69,"DESCRIPCIO":"PUESTO","TIPO":"PUESTO"},"geometry":{"type":"Point","coordinates":[-59.356016,-34.312587]}},{"type":"Feature","properties":{"ID":68,"DESCRIPCIO":"PUESTO","TIPO":"PUESTO"},"geometry":{"type":"Point","coordinates":[-59.318302,-34.305657]}},{"type":"Feature","properties":{"ID":69,"DESCRIPCIO":"PUESTO","TIPO":"PUESTO"},"geometry":{"type":"Point","coordinates":[-59.31082,-34.292663]}},{"type":"Feature","properties":{"ID":69,"DESCRIPCIO":"SIN IDENTIFICAR","TIPO":"CASA S/I"},"geometry":{"type":"Point","coordinates":[-59.341861,-34.30092]}},{"type":"Feature","properties":{"ID":69,"DESCRIPCIO":"PUESTO","TIPO":"PUESTO"},"geometry":{"type":"Point","coordinates":[-59.333106,-34.324796]}},{"type":"Feature","properties":{"ID":69,"DESCRIPCIO":"PUESTO","TIPO":"PUESTO"},"geometry":{"type":"Point","coordinates":[-59.295485,-34.320054]}},{"type":"Feature","properties":{"ID":69,"DESCRIPCIO":"PUESTO","TIPO":"PUESTO"},"geometry":{"type":"Point","coordinates":[-59.284346,-34.311582]}},{"type":"Feature","properties":{"ID":69,"DESCRIPCIO":"PUESTO","TIPO":"PUESTO"},"geometry":{"type":"Point","coordinates":[-59.294132,-34.301442]}},{"type":"Feature","properties":{"ID":69,"DESCRIPCIO":"PUESTO","TIPO":"PUESTO"},"geometry":{"type":"Point","coordinates":[-59.306725,-34.330541]}},{"type":"Feature","properties":{"ID":69,"DESCRIPCIO":"PUESTO","TIPO":"PUESTO"},"geometry":{"type":"Point","coordinates":[-59.325384,-34.334163]}},{"type":"Feature","properties":{"ID":69,"DESCRIPCIO":"PUESTO","TIPO":"PUESTO"},"geometry":{"type":"Point","coordinates":[-59.334417,-34.328131]}},{"type":"Feature","properties":{"ID":69,"DESCRIPCIO":"PUESTO","TIPO":"PUESTO"},"geometry":{"type":"Point","coordinates":[-59.311847,-34.337129]}},{"type":"Feature","properties":{"ID":69,"DESCRIPCIO":"PUESTO","TIPO":"PUESTO"},"geometry":{"type":"Point","coordinates":[-59.30894,-34.3474]}},{"type":"Feature","properties":{"ID":69,"DESCRIPCIO":"PUESTO","TIPO":"PUESTO"},"geometry":{"type":"Point","coordinates":[-59.290823,-34.356002]}},{"type":"Feature","properties":{"ID":71,"DESCRIPCIO":"PUESTO","TIPO":"PUESTO"},"geometry":{"type":"Point","coordinates":[-59.350333,-34.319358]}},{"type":"Feature","properties":{"ID":71,"DESCRIPCIO":"PUESTO","TIPO":"PUESTO"},"geometry":{"type":"Point","coordinates":[-59.354031,-34.315085]}},{"type":"Feature","properties":{"ID":71,"DESCRIPCIO":"PULPERIA","TIPO":"PULPERIA"},"geometry":{"type":"Point","coordinates":[-59.356994,-34.322315]}},{"type":"Feature","properties":{"ID":73,"DESCRIPCIO":"PUESTO","TIPO":"PUESTO"},"geometry":{"type":"Point","coordinates":[-59.304537,-34.435512]}},{"type":"Feature","properties":{"ID":74,"DESCRIPCIO":"BELLO","TIPO":"CASA"},"geometry":{"type":"Point","coordinates":[-59.527874,-34.607089]}},{"type":"Feature","properties":{"ID":74,"DESCRIPCIO":"COLMENERO","TIPO":"CASA"},"geometry":{"type":"Point","coordinates":[-59.523777,-34.576926]}},{"type":"Feature","properties":{"ID":74,"DESCRIPCIO":"GANZETI","TIPO":"CASA"},"geometry":{"type":"Point","coordinates":[-59.504731,-34.56006]}},{"type":"Feature","properties":{"ID":74,"DESCRIPCIO":"CABALLERO","TIPO":"CASA"},"geometry":{"type":"Point","coordinates":[-59.469419,-34.563918]}},{"type":"Feature","properties":{"ID":74,"DESCRIPCIO":"ACUÑA","TIPO":"CASA"},"geometry":{"type":"Point","coordinates":[-59.472005,-34.532351]}},{"type":"Feature","properties":{"ID":74,"DESCRIPCIO":"D. CARLOS","TIPO":"CASA"},"geometry":{"type":"Point","coordinates":[-59.583391,-34.55801]}},{"type":"Feature","properties":{"ID":74,"DESCRIPCIO":"ACUÑA","TIPO":"CASA"},"geometry":{"type":"Point","coordinates":[-59.591645,-34.535618]}},{"type":"Feature","properties":{"ID":74,"DESCRIPCIO":"LIMA","TIPO":"CASA"},"geometry":{"type":"Point","coordinates":[-59.624911,-34.543875]}},{"type":"Feature","properties":{"ID":74,"DESCRIPCIO":"ECHEVERRIA","TIPO":"CASA"},"geometry":{"type":"Point","coordinates":[-59.627639,-34.520187]}},{"type":"Feature","properties":{"ID":74,"DESCRIPCIO":"GOMEZ","TIPO":"CASA"},"geometry":{"type":"Point","coordinates":[-59.54666,-34.515906]}},{"type":"Feature","properties":{"ID":74,"DESCRIPCIO":"ROMERO","TIPO":"CASA"},"geometry":{"type":"Point","coordinates":[-59.554455,-34.513072]}},{"type":"Feature","properties":{"ID":74,"DESCRIPCIO":"ALMIRON","TIPO":"CASA"},"geometry":{"type":"Point","coordinates":[-59.530722,-34.480606]}},{"type":"Feature","properties":{"ID":74,"DESCRIPCIO":"BRAVO","TIPO":"CASA"},"geometry":{"type":"Point","coordinates":[-59.55362,-34.480513]}},{"type":"Feature","properties":{"ID":75,"DESCRIPCIO":"DÑA. JOSEFA DIAZ DE MARTINEZ","TIPO":"CASA"},"geometry":{"type":"Point","coordinates":[-59.532704,-34.53825]}},{"type":"Feature","properties":{"ID":75,"DESCRIPCIO":"BRES","TIPO":"CASA"},"geometry":{"type":"Point","coordinates":[-59.504547,-34.540381]}},{"type":"Feature","properties":{"ID":75,"DESCRIPCIO":"NARCISO MARTINEZ","TIPO":"CASA"},"geometry":{"type":"Point","coordinates":[-59.502448,-34.558904]}},{"type":"Feature","properties":{"ID":75,"DESCRIPCIO":"CASTRO","TIPO":"CASA"},"geometry":{"type":"Point","coordinates":[-59.512185,-34.579765]}},{"type":"Feature","properties":{"ID":75,"DESCRIPCIO":"MONTE DE AVILA","TIPO":"CASA"},"geometry":{"type":"Point","coordinates":[-59.538701,-34.571926]}},{"type":"Feature","properties":{"ID":75,"DESCRIPCIO":"DÑA. CORNEJO","TIPO":"CASA"},"geometry":{"type":"Point","coordinates":[-59.516586,-34.596597]}},{"type":"Feature","properties":{"ID":75,"DESCRIPCIO":"PUESTO","TIPO":"PUESTO"},"geometry":{"type":"Point","coordinates":[-59.498412,-34.573222]}},{"type":"Feature","properties":{"ID":76,"DESCRIPCIO":"J.M. RODRIGUEZ","TIPO":"CASA"},"geometry":{"type":"Point","coordinates":[-59.613646,-34.570407]}},{"type":"Feature","properties":{"ID":76,"DESCRIPCIO":"M. PONCE","TIPO":"CASA"},"geometry":{"type":"Point","coordinates":[-59.65064,-34.556488]}},{"type":"Feature","properties":{"ID":77,"DESCRIPCIO":"POB. DE RODRIGUEZ","TIPO":"CASA"},"geometry":{"type":"Point","coordinates":[-59.610253,-34.571529]}},{"type":"Feature","properties":{"ID":77,"DESCRIPCIO":"POB. DE ACEYTIINO","TIPO":"CASA"},"geometry":{"type":"Point","coordinates":[-59.594057,-34.581732]}},{"type":"Feature","properties":{"ID":79,"DESCRIPCIO":"AZOTEA DE TORMY","TIPO":"CASA"},"geometry":{"type":"Point","coordinates":[-59.201123,-34.37426]}},{"type":"Feature","properties":{"ID":79,"DESCRIPCIO":"RANCHO DE DÑA. JUSTINA MARTINEZ","TIPO":"RANCHO"},"geometry":{"type":"Point","coordinates":[-59.203796,-34.379973]}},{"type":"Feature","properties":{"ID":77,"DESCRIPCIO":"DÑA. AGUEDA MONTENEGRO","TIPO":"CASA"},"geometry":{"type":"Point","coordinates":[-59.200015,-34.354046]}},{"type":"Feature","properties":{"ID":79,"DESCRIPCIO":"RANCHOS DE MAURICIO SANCHEZ","TIPO":"RANCHO"},"geometry":{"type":"Point","coordinates":[-59.244115,-34.333278]}},{"type":"Feature","properties":{"ID":79,"DESCRIPCIO":"RANCHO DE DN. JUAN HARINTON","TIPO":"RANCHO"},"geometry":{"type":"Point","coordinates":[-59.259499,-34.328844]}},{"type":"Feature","properties":{"ID":79,"DESCRIPCIO":"RANCHO DE DN. PEDRO EGUINO","TIPO":"RANCHO"},"geometry":{"type":"Point","coordinates":[-59.263334,-34.342343]}},{"type":"Feature","properties":{"ID":79,"DESCRIPCIO":"RANCHOS Y CORRAL DE DN. PEDRO TORRES","TIPO":"RANCHO"},"geometry":{"type":"Point","coordinates":[-59.252995,-34.361945]}},{"type":"Feature","properties":{"ID":81,"DESCRIPCIO":"PUESTO","TIPO":"PUESTO"},"geometry":{"type":"Point","coordinates":[-59.255486,-34.325299]}},{"type":"Feature","properties":{"ID":81,"DESCRIPCIO":"PUESTO","TIPO":"PUESTO"},"geometry":{"type":"Point","coordinates":[-59.242518,-34.336787]}},{"type":"Feature","properties":{"ID":81,"DESCRIPCIO":"PUESTO","TIPO":"PUESTO"},"geometry":{"type":"Point","coordinates":[-59.24687,-34.340451]}},{"type":"Feature","properties":{"ID":81,"DESCRIPCIO":"PUESTO","TIPO":"PUESTO"},"geometry":{"type":"Point","coordinates":[-59.243403,-34.346278]}},{"type":"Feature","properties":{"ID":81,"DESCRIPCIO":"PUESTO","TIPO":"PUESTO"},"geometry":{"type":"Point","coordinates":[-59.235552,-34.35032]}},{"type":"Feature","properties":{"ID":81,"DESCRIPCIO":"PUESTO","TIPO":"PUESTO"},"geometry":{"type":"Point","coordinates":[-59.213866,-34.360181]}},{"type":"Feature","properties":{"ID":82,"DESCRIPCIO":"PUESTO DE ACUÑA","TIPO":"PUESTO"},"geometry":{"type":"Point","coordinates":[-59.492656,-34.504589]}},{"type":"Feature","properties":{"ID":83,"DESCRIPCIO":"ANTONIO SILVA","TIPO":"CASA"},"geometry":{"type":"Point","coordinates":[-59.393694,-34.399784]}},{"type":"Feature","properties":{"ID":83,"DESCRIPCIO":"MELITON RODRIGUEZ","TIPO":"CASA"},"geometry":{"type":"Point","coordinates":[-59.377997,-34.396002]}},{"type":"Feature","properties":{"ID":84,"DESCRIPCIO":"NOLLAN","TIPO":"CASA"},"geometry":{"type":"Point","coordinates":[-59.666271,-34.48791]}},{"type":"Feature","properties":{"ID":84,"DESCRIPCIO":"MARTINEZ","TIPO":"CASA"},"geometry":{"type":"Point","coordinates":[-59.647738,-34.502676]}},{"type":"Feature","properties":{"ID":84,"DESCRIPCIO":"MARTINEZ","TIPO":"CASA"},"geometry":{"type":"Point","coordinates":[-59.638546,-34.48807]}},{"type":"Feature","properties":{"ID":84,"DESCRIPCIO":"PUESTO","TIPO":"PUESTO"},"geometry":{"type":"Point","coordinates":[-59.65815,-34.475217]}},{"type":"Feature","properties":{"ID":84,"DESCRIPCIO":"PUESTO","TIPO":"PUESTO"},"geometry":{"type":"Point","coordinates":[-59.644299,-34.464445]}},{"type":"Feature","properties":{"ID":84,"DESCRIPCIO":"RAIT","TIPO":"CASA"},"geometry":{"type":"Point","coordinates":[-59.638875,-34.461866]}},{"type":"Feature","properties":{"ID":84,"DESCRIPCIO":"ESTANCIA","TIPO":"CASA"},"geometry":{"type":"Point","coordinates":[-59.625879,-34.473027]}},{"type":"Feature","properties":{"ID":84,"DESCRIPCIO":"PUESTO","TIPO":"PUESTO"},"geometry":{"type":"Point","coordinates":[-59.623888,-34.449106]}},{"type":"Feature","properties":{"ID":84,"DESCRIPCIO":"CORNICK","TIPO":"CASA"},"geometry":{"type":"Point","coordinates":[-59.610938,-34.454074]}},{"type":"Feature","properties":{"ID":84,"DESCRIPCIO":"PUESTO","TIPO":"PUESTO"},"geometry":{"type":"Point","coordinates":[-59.59747,-34.455555]}},{"type":"Feature","properties":{"ID":85,"DESCRIPCIO":"POBLACION","TIPO":"CASA"},"geometry":{"type":"Point","coordinates":[-59.634509,-34.605519]}},{"type":"Feature","properties":{"ID":85,"DESCRIPCIO":"POBLACION","TIPO":"CASA"},"geometry":{"type":"Point","coordinates":[-59.650907,-34.5912]}},{"type":"Feature","properties":{"ID":85,"DESCRIPCIO":"POBLACION","TIPO":"CASA"},"geometry":{"type":"Point","coordinates":[-59.654804,-34.586059]}},{"type":"Feature","properties":{"ID":85,"DESCRIPCIO":"POBLACION","TIPO":"CASA"},"geometry":{"type":"Point","coordinates":[-59.667089,-34.577507]}},{"type":"Feature","properties":{"ID":85,"DESCRIPCIO":"POBLACION DE Z. COSTA","TIPO":"CASA"},"geometry":{"type":"Point","coordinates":[-59.679484,-34.564408]}},{"type":"Feature","properties":{"ID":85,"DESCRIPCIO":"PUESTO DE COSTA","TIPO":"PUESTO"},"geometry":{"type":"Point","coordinates":[-59.656436,-34.560231]}},{"type":"Feature","properties":{"ID":85,"DESCRIPCIO":"POBLACION","TIPO":"CASA"},"geometry":{"type":"Point","coordinates":[-59.669762,-34.562236]}},{"type":"Feature","properties":{"ID":85,"DESCRIPCIO":"POB. DE HERED. DE S. LIMA","TIPO":"CASA"},"geometry":{"type":"Point","coordinates":[-59.650246,-34.565145]}},{"type":"Feature","properties":{"ID":85,"DESCRIPCIO":"POBLACION","TIPO":"CASA"},"geometry":{"type":"Point","coordinates":[-59.644946,-34.561225]}},{"type":"Feature","properties":{"ID":85,"DESCRIPCIO":"PUESTO DE COSTA","TIPO":"PUESTO"},"geometry":{"type":"Point","coordinates":[-59.672024,-34.55363]}},{"type":"Feature","properties":{"ID":85,"DESCRIPCIO":"EVARISTO BUSTOS","TIPO":"CASA"},"geometry":{"type":"Point","coordinates":[-59.669494,-34.548492]}},{"type":"Feature","properties":{"ID":86,"DESCRIPCIO":"MARCOS SARMIENTO","TIPO":"CASA"},"geometry":{"type":"Point","coordinates":[-59.46907,-34.502064]}},{"type":"Feature","properties":{"ID":85,"DESCRIPCIO":"FELIS LESCANO","TIPO":"CASA"},"geometry":{"type":"Point","coordinates":[-59.465227,-34.487224]}},{"type":"Feature","properties":{"ID":85,"DESCRIPCIO":"PULPERIA","TIPO":"PULPERIA"},"geometry":{"type":"Point","coordinates":[-59.475486,-34.487359]}},{"type":"Feature","properties":{"ID":86,"DESCRIPCIO":"PUESTO DE MEZQUITA","TIPO":"PUESTO"},"geometry":{"type":"Point","coordinates":[-59.444143,-34.475346]}},{"type":"Feature","properties":{"ID":86,"DESCRIPCIO":"MONTE (SIN IDENTIFICAR)","TIPO":"MONTE"},"geometry":{"type":"Point","coordinates":[-59.457715,-34.472223]}},{"type":"Feature","properties":{"ID":86,"DESCRIPCIO":"PUESTO RODRIGUEZ","TIPO":"PUESTO"},"geometry":{"type":"Point","coordinates":[-59.46564,-34.469146]}},{"type":"Feature","properties":{"ID":86,"DESCRIPCIO":"PUESTO DE CUCULLO","TIPO":"PUESTO"},"geometry":{"type":"Point","coordinates":[-59.454666,-34.466199]}},{"type":"Feature","properties":{"ID":87,"DESCRIPCIO":"POB. DE QUEVEDO","TIPO":"CASA"},"geometry":{"type":"Point","coordinates":[-59.270093,-34.464986]}},{"type":"Feature","properties":{"ID":87,"DESCRIPCIO":"P. P. QUEVEDO","TIPO":"CASA"},"geometry":{"type":"Point","coordinates":[-59.281242,-34.460211]}},{"type":"Feature","properties":{"ID":87,"DESCRIPCIO":"P. DE P. FLORES DE QUEVEDO","TIPO":"CASA"},"geometry":{"type":"Point","coordinates":[-59.283624,-34.451102]}},{"type":"Feature","properties":{"ID":88,"DESCRIPCIO":"RODRIGUEZ","TIPO":"CASA"},"geometry":{"type":"Point","coordinates":[-59.304567,-34.416603]}},{"type":"Feature","properties":{"ID":88,"DESCRIPCIO":"CONTRERAS","TIPO":"CASA"},"geometry":{"type":"Point","coordinates":[-59.304355,-34.414503]}},{"type":"Feature","properties":{"ID":88,"DESCRIPCIO":"A. ORMAECHEA","TIPO":"CASA"},"geometry":{"type":"Point","coordinates":[-59.297024,-34.413579]}},{"type":"Feature","properties":{"ID":88,"DESCRIPCIO":"P. RONAN","TIPO":"CASA"},"geometry":{"type":"Point","coordinates":[-59.30835,-34.41164]}},{"type":"Feature","properties":{"ID":88,"DESCRIPCIO":"PUESTO","TIPO":"PUESTO"},"geometry":{"type":"Point","coordinates":[-59.321004,-34.409103]}},{"type":"Feature","properties":{"ID":88,"DESCRIPCIO":"V. GOMEZ","TIPO":"CASA"},"geometry":{"type":"Point","coordinates":[-59.333214,-34.400727]}},{"type":"Feature","properties":{"ID":88,"DESCRIPCIO":"PUESTO","TIPO":"PUESTO"},"geometry":{"type":"Point","coordinates":[-59.340921,-34.393995]}},{"type":"Feature","properties":{"ID":88,"DESCRIPCIO":"PUESTO DEL BASCO","TIPO":"PUESTO"},"geometry":{"type":"Point","coordinates":[-59.33317,-34.384556]}},{"type":"Feature","properties":{"ID":88,"DESCRIPCIO":"S. BYRNS","TIPO":"CASA"},"geometry":{"type":"Point","coordinates":[-59.331157,-34.400337]}},{"type":"Feature","properties":{"ID":88,"DESCRIPCIO":"ARNULFO TISEIRA","TIPO":"CASA"},"geometry":{"type":"Point","coordinates":[-59.340124,-34.376959]}},{"type":"Feature","properties":{"ID":88,"DESCRIPCIO":"PUESTO","TIPO":"PUESTO"},"geometry":{"type":"Point","coordinates":[-59.354394,-34.382282]}},{"type":"Feature","properties":{"ID":88,"DESCRIPCIO":"PUESTO (SAUCOS)","TIPO":"PUESTO"},"geometry":{"type":"Point","coordinates":[-59.357945,-34.364064]}},{"type":"Feature","properties":{"ID":88,"DESCRIPCIO":"PUESTO","TIPO":"PUESTO"},"geometry":{"type":"Point","coordinates":[-59.373797,-34.367409]}},{"type":"Feature","properties":{"ID":88,"DESCRIPCIO":"CHEYRA","TIPO":"CASA"},"geometry":{"type":"Point","coordinates":[-59.371499,-34.37003]}},{"type":"Feature","properties":{"ID":88,"DESCRIPCIO":"MAGADAN PULPERIA","TIPO":"PULPERIA"},"geometry":{"type":"Point","coordinates":[-59.37124,-34.353119]}},{"type":"Feature","properties":{"ID":88,"DESCRIPCIO":"LORENZO TISEIRA","TIPO":"CASA"},"geometry":{"type":"Point","coordinates":[-59.386833,-34.340485]}},{"type":"Feature","properties":{"ID":88,"DESCRIPCIO":"LA PALOMA","TIPO":"CASA"},"geometry":{"type":"Point","coordinates":[-59.38819,-34.347599]}},{"type":"Feature","properties":{"ID":89,"DESCRIPCIO":"PUESTO","TIPO":"PUESTO"},"geometry":{"type":"Point","coordinates":[-59.633598,-34.409787]}},{"type":"Feature","properties":{"ID":89,"DESCRIPCIO":"ESTANCIA SALA","TIPO":"CASA"},"geometry":{"type":"Point","coordinates":[-59.627338,-34.419642]}},{"type":"Feature","properties":{"ID":89,"DESCRIPCIO":"PUESTO","TIPO":"PUESTO"},"geometry":{"type":"Point","coordinates":[-59.646495,-34.422514]}},{"type":"Feature","properties":{"ID":89,"DESCRIPCIO":"ESTANCIA CAPRILE Y PICASO","TIPO":"CASA"},"geometry":{"type":"Point","coordinates":[-59.651818,-34.429875]}},{"type":"Feature","properties":{"ID":89,"DESCRIPCIO":"PUESTO","TIPO":"PUESTO"},"geometry":{"type":"Point","coordinates":[-59.641267,-34.433422]}},{"type":"Feature","properties":{"ID":89,"DESCRIPCIO":"PUESTO","TIPO":"PUESTO"},"geometry":{"type":"Point","coordinates":[-59.61115,-34.434857]}},{"type":"Feature","properties":{"ID":89,"DESCRIPCIO":"PUESTO","TIPO":"PUESTO"},"geometry":{"type":"Point","coordinates":[-59.624157,-34.448731]}},{"type":"Feature","properties":{"ID":89,"DESCRIPCIO":"ESTANCIA MAXWELL","TIPO":"CASA"},"geometry":{"type":"Point","coordinates":[-59.602534,-34.442891]}},{"type":"Feature","properties":{"ID":89,"DESCRIPCIO":"ESTANCIA RODRIGUEZ","TIPO":"CASA"},"geometry":{"type":"Point","coordinates":[-59.620387,-34.416495]}},{"type":"Feature","properties":{"ID":90,"DESCRIPCIO":"PUESTO","TIPO":"PUESTO"},"geometry":{"type":"Point","coordinates":[-59.307079,-34.33515]}},{"type":"Feature","properties":{"ID":90,"DESCRIPCIO":"PUESTO","TIPO":"PUESTO"},"geometry":{"type":"Point","coordinates":[-59.306391,-34.338376]}},{"type":"Feature","properties":{"ID":90,"DESCRIPCIO":"ESTANCIA","TIPO":"CASA"},"geometry":{"type":"Point","coordinates":[-59.275143,-34.335884]}},{"type":"Feature","properties":{"ID":90,"DESCRIPCIO":"PUESTO DE NOLA","TIPO":"PUESTO"},"geometry":{"type":"Point","coordinates":[-59.277168,-34.32135]}},{"type":"Feature","properties":{"ID":90,"DESCRIPCIO":"PUESTO DE LENNON","TIPO":"PUESTO"},"geometry":{"type":"Point","coordinates":[-59.259842,-34.319462]}},{"type":"Feature","properties":{"ID":90,"DESCRIPCIO":"PUESTO DE ROCCA","TIPO":"PUESTO"},"geometry":{"type":"Point","coordinates":[-59.257045,-34.323667]}},{"type":"Feature","properties":{"ID":90,"DESCRIPCIO":"PUESTO","TIPO":"PUESTO"},"geometry":{"type":"Point","coordinates":[-59.275709,-34.314512]}},{"type":"Feature","properties":{"ID":91,"DESCRIPCIO":"ESTANCIA","TIPO":"CASA"},"geometry":{"type":"Point","coordinates":[-59.431649,-34.435688]}},{"type":"Feature","properties":{"ID":91,"DESCRIPCIO":"J. SILVA","TIPO":"CASA"},"geometry":{"type":"Point","coordinates":[-59.389119,-34.445262]}},{"type":"Feature","properties":{"ID":92,"DESCRIPCIO":"RAMON GONZALEZ","TIPO":"CASA"},"geometry":{"type":"Point","coordinates":[-59.707124,-34.555804]}},{"type":"Feature","properties":{"ID":92,"DESCRIPCIO":"VICTOR GONZALEZ","TIPO":"CASA"},"geometry":{"type":"Point","coordinates":[-59.683476,-34.543056]}},{"type":"Feature","properties":{"ID":92,"DESCRIPCIO":"AGUSTIN CASADO","TIPO":"CASA"},"geometry":{"type":"Point","coordinates":[-59.665294,-34.532973]}},{"type":"Feature","properties":{"ID":92,"DESCRIPCIO":"JULIAN RIVAD...RA","TIPO":"CASA"},"geometry":{"type":"Point","coordinates":[-59.673862,-34.534267]}},{"type":"Feature","properties":{"ID":93,"DESCRIPCIO":"ANICETA VELOZ","TIPO":"CASA"},"geometry":{"type":"Point","coordinates":[-59.4199,-34.423554]}},{"type":"Feature","properties":{"ID":93,"DESCRIPCIO":"TAPERA","TIPO":"TAPERA"},"geometry":{"type":"Point","coordinates":[-59.42831,-34.416815]}},{"type":"Feature","properties":{"ID":95,"DESCRIPCIO":"PUESTO OJUEZ","TIPO":"PUESTO"},"geometry":{"type":"Point","coordinates":[-59.437493,-34.536429]}},{"type":"Feature","properties":{"ID":95,"DESCRIPCIO":"ESTANCIA","TIPO":"CASA"},"geometry":{"type":"Point","coordinates":[-59.445711,-34.512382]}},{"type":"Feature","properties":{"ID":95,"DESCRIPCIO":"C. NAVARRO","TIPO":"CASA"},"geometry":{"type":"Point","coordinates":[-59.459258,-34.508035]}},{"type":"Feature","properties":{"ID":96,"DESCRIPCIO":"POB. BOTANA","TIPO":"CASA"},"geometry":{"type":"Point","coordinates":[-59.516928,-34.42404]}},{"type":"Feature","properties":{"ID":96,"DESCRIPCIO":"PUESTO","TIPO":"PUESTO"},"geometry":{"type":"Point","coordinates":[-59.502298,-34.410887]}},{"type":"Feature","properties":{"ID":96,"DESCRIPCIO":"PUESTO","TIPO":"PUESTO"},"geometry":{"type":"Point","coordinates":[-59.508136,-34.411459]}},{"type":"Feature","properties":{"ID":97,"DESCRIPCIO":"PUESTO LA BONITA","TIPO":"PUESTO"},"geometry":{"type":"Point","coordinates":[-59.251633,-34.421486]}},{"type":"Feature","properties":{"ID":97,"DESCRIPCIO":"PUESTO DEL OMBU","TIPO":"PUESTO"},"geometry":{"type":"Point","coordinates":[-59.251593,-34.40841]}},{"type":"Feature","properties":{"ID":97,"DESCRIPCIO":"PUESTO DEL PESCADOR","TIPO":"PUESTO"},"geometry":{"type":"Point","coordinates":[-59.239053,-34.398172]}},{"type":"Feature","properties":{"ID":98,"DESCRIPCIO":"PUESTO DE CASTRO","TIPO":"PUESTO"},"geometry":{"type":"Point","coordinates":[-59.238471,-34.44616]}},{"type":"Feature","properties":{"ID":98,"DESCRIPCIO":"ESTANCIA DE S. SAUCE","TIPO":"CASA"},"geometry":{"type":"Point","coordinates":[-59.266767,-34.403879]}},{"type":"Feature","properties":{"ID":100,"DESCRIPCIO":"ESTANCIA DE ACUÑA","TIPO":"CASA"},"geometry":{"type":"Point","coordinates":[-59.573123,-34.509157]}},{"type":"Feature","properties":{"ID":100,"DESCRIPCIO":"E. BUSTOS","TIPO":"CASA"},"geometry":{"type":"Point","coordinates":[-59.562823,-34.473202]}},{"type":"Feature","properties":{"ID":100,"DESCRIPCIO":"ESTANCIA DE CAREY","TIPO":"CASA"},"geometry":{"type":"Point","coordinates":[-59.602173,-34.471285]}},{"type":"Feature","properties":{"ID":100,"DESCRIPCIO":"BUSTOS","TIPO":"CASA"},"geometry":{"type":"Point","coordinates":[-59.571856,-34.441416]}},{"type":"Feature","properties":{"ID":100,"DESCRIPCIO":"PUESTO","TIPO":"PUESTO"},"geometry":{"type":"Point","coordinates":[-59.586674,-34.425582]}},{"type":"Feature","properties":{"ID":100,"DESCRIPCIO":"PUESTO","TIPO":"PUESTO"},"geometry":{"type":"Point","coordinates":[-59.602348,-34.434268]}},{"type":"Feature","properties":{"ID":100,"DESCRIPCIO":"ESTANCIA MAXWELL","TIPO":"CASA"},"geometry":{"type":"Point","coordinates":[-59.602135,-34.442878]}},{"type":"Feature","properties":{"ID":101,"DESCRIPCIO":"SIN IDENTIFICAR","TIPO":"CASA S/I"},"geometry":{"type":"Point","coordinates":[-59.290746,-34.404873]}},{"type":"Feature","properties":{"ID":101,"DESCRIPCIO":"SIN IDENTIFICAR","TIPO":"CASA S/I"},"geometry":{"type":"Point","coordinates":[-59.319283,-34.370452]}},{"type":"Feature","properties":{"ID":104,"DESCRIPCIO":"SIN IDENTIFICAR","TIPO":"CASA S/I"},"geometry":{"type":"Point","coordinates":[-59.23433,-34.418624]}},{"type":"Feature","properties":{"ID":104,"DESCRIPCIO":"CATALANES","TIPO":"CASA"},"geometry":{"type":"Point","coordinates":[-59.240074,-34.423096]}},{"type":"Feature","properties":{"ID":104,"DESCRIPCIO":"ORMAECHEA","TIPO":"CASA"},"geometry":{"type":"Point","coordinates":[-59.227553,-34.437328]}},{"type":"Feature","properties":{"ID":105,"DESCRIPCIO":"SILVA","TIPO":"CASA"},"geometry":{"type":"Point","coordinates":[-59.388854,-34.445321]}},{"type":"Feature","properties":{"ID":106,"DESCRIPCIO":"SIN IDENTIFICAR","TIPO":"CASA S/I"},"geometry":{"type":"Point","coordinates":[-59.318076,-34.439307]}},{"type":"Feature","properties":{"ID":106,"DESCRIPCIO":"SIN IDENTIFICAR","TIPO":"CASA S/I"},"geometry":{"type":"Point","coordinates":[-59.310608,-34.448481]}},{"type":"Feature","properties":{"ID":106,"DESCRIPCIO":"SIN IDENTIFICAR","TIPO":"CASA S/I"},"geometry":{"type":"Point","coordinates":[-59.303121,-34.459715]}},{"type":"Feature","properties":{"ID":106,"DESCRIPCIO":"SIN IDENTIFICAR","TIPO":"CASA S/I"},"geometry":{"type":"Point","coordinates":[-59.296747,-34.47811]}},{"type":"Feature","properties":{"ID":107,"DESCRIPCIO":"COSTA","TIPO":"CASA"},"geometry":{"type":"Point","coordinates":[-59.671875,-34.553647]}},{"type":"Feature","properties":{"ID":107,"DESCRIPCIO":"COSTA","TIPO":"CASA"},"geometry":{"type":"Point","coordinates":[-59.679581,-34.56455]}},{"type":"Feature","properties":{"ID":107,"DESCRIPCIO":"COSTA","TIPO":"CASA"},"geometry":{"type":"Point","coordinates":[-59.670004,-34.56205]}},{"type":"Feature","properties":{"ID":107,"DESCRIPCIO":"HEREDEROS DE S. LIMA","TIPO":"CASA"},"geometry":{"type":"Point","coordinates":[-59.650999,-34.565157]}},{"type":"Feature","properties":{"ID":107,"DESCRIPCIO":"F. LIMA","TIPO":"CASA"},"geometry":{"type":"Point","coordinates":[-59.656253,-34.58458]}},{"type":"Feature","properties":{"ID":108,"DESCRIPCIO":"ESTANCIA","TIPO":"CASA"},"geometry":{"type":"Point","coordinates":[-59.477085,-34.531807]}},{"type":"Feature","properties":{"ID":108,"DESCRIPCIO":"PUESTO","TIPO":"PUESTO"},"geometry":{"type":"Point","coordinates":[-59.463085,-34.55103]}},{"type":"Feature","properties":{"ID":110,"DESCRIPCIO":"VASQUEZ","TIPO":"PUESTO"},"geometry":{"type":"Point","coordinates":[-59.44224,-34.406651]}},{"type":"Feature","properties":{"ID":110,"DESCRIPCIO":"SIN IDENTIFICAR","TIPO":"CASA S/I"},"geometry":{"type":"Point","coordinates":[-59.422645,-34.393776]}},{"type":"Feature","properties":{"ID":110,"DESCRIPCIO":"PONCE","TIPO":"CASA"},"geometry":{"type":"Point","coordinates":[-59.447977,-34.374383]}},{"type":"Feature","properties":{"ID":110,"DESCRIPCIO":"MORGAN","TIPO":"CASA"},"geometry":{"type":"Point","coordinates":[-59.477592,-34.367358]}},{"type":"Feature","properties":{"ID":111,"DESCRIPCIO":"PUESTO","TIPO":"PUESTO"},"geometry":{"type":"Point","coordinates":[-59.610106,-34.435697]}},{"type":"Feature","properties":{"ID":110,"DESCRIPCIO":"PUESTO","TIPO":"PUESTO"},"geometry":{"type":"Point","coordinates":[-59.601959,-34.434525]}},{"type":"Feature","properties":{"ID":111,"DESCRIPCIO":"PUESTO","TIPO":"PUESTO"},"geometry":{"type":"Point","coordinates":[-59.607916,-34.436052]}},{"type":"Feature","properties":{"ID":111,"DESCRIPCIO":"PUESTO","TIPO":"PUESTO"},"geometry":{"type":"Point","coordinates":[-59.592093,-34.42147]}},{"type":"Feature","properties":{"ID":111,"DESCRIPCIO":"PUESTO","TIPO":"PUESTO"},"geometry":{"type":"Point","coordinates":[-59.588523,-34.424177]}},{"type":"Feature","properties":{"ID":111,"DESCRIPCIO":"POBLACION DE A.H. SALA","TIPO":"CASA"},"geometry":{"type":"Point","coordinates":[-59.626423,-34.420191]}},{"type":"Feature","properties":{"ID":111,"DESCRIPCIO":"POBLACION DE PETRONA B. DE RODRIGUEZ","TIPO":"CASA"},"geometry":{"type":"Point","coordinates":[-59.619071,-34.416676]}},{"type":"Feature","properties":{"ID":111,"DESCRIPCIO":"PUESTO","TIPO":"PUESTO"},"geometry":{"type":"Point","coordinates":[-59.6278,-34.406289]}},{"type":"Feature","properties":{"ID":111,"DESCRIPCIO":"PUESTO","TIPO":"PUESTO"},"geometry":{"type":"Point","coordinates":[-59.60764,-34.406763]}},{"type":"Feature","properties":{"ID":111,"DESCRIPCIO":"POBLACION DE KENNY","TIPO":"CASA"},"geometry":{"type":"Point","coordinates":[-59.588628,-34.415306]}},{"type":"Feature","properties":{"ID":112,"DESCRIPCIO":"E. MORGAN","TIPO":"CASA"},"geometry":{"type":"Point","coordinates":[-59.52752,-34.346455]}},{"type":"Feature","properties":{"ID":112,"DESCRIPCIO":"J. MORGAN","TIPO":"CASA"},"geometry":{"type":"Point","coordinates":[-59.481544,-34.366309]}},{"type":"Feature","properties":{"ID":113,"DESCRIPCIO":"L. DE GELVES","TIPO":"CASA"},"geometry":{"type":"Point","coordinates":[-59.405368,-34.529702]}},{"type":"Feature","properties":{"ID":113,"DESCRIPCIO":"LUNA","TIPO":"CASA"},"geometry":{"type":"Point","coordinates":[-59.409357,-34.523878]}},{"type":"Feature","properties":{"ID":116,"DESCRIPCIO":"PUESTO","TIPO":"PUESTO"},"geometry":{"type":"Point","coordinates":[-59.439339,-34.463044]}},{"type":"Feature","properties":{"ID":116,"DESCRIPCIO":"PUESTO","TIPO":"PUESTO"},"geometry":{"type":"Point","coordinates":[-59.437284,-34.464608]}},{"type":"Feature","properties":{"ID":117,"DESCRIPCIO":"LIMA","TIPO":"CASA"},"geometry":{"type":"Point","coordinates":[-59.609942,-34.562818]}},{"type":"Feature","properties":{"ID":117,"DESCRIPCIO":"GUZMAN","TIPO":"CASA"},"geometry":{"type":"Point","coordinates":[-59.608858,-34.563411]}},{"type":"Feature","properties":{"ID":117,"DESCRIPCIO":"ESTANCIA","TIPO":"CASA"},"geometry":{"type":"Point","coordinates":[-59.611995,-34.570874]}},{"type":"Feature","properties":{"ID":118,"DESCRIPCIO":"SIN IDENTIFICAR","TIPO":"CASA S/I"},"geometry":{"type":"Point","coordinates":[-59.560091,-34.534039]}},{"type":"Feature","properties":{"ID":119,"DESCRIPCIO":"PUESTO","TIPO":"PUESTO"},"geometry":{"type":"Point","coordinates":[-59.367477,-34.333472]}},{"type":"Feature","properties":{"ID":119,"DESCRIPCIO":"PUESTO","TIPO":"PUESTO"},"geometry":{"type":"Point","coordinates":[-59.362497,-34.336189]}},{"type":"Feature","properties":{"ID":119,"DESCRIPCIO":"PUESTO","TIPO":"PUESTO"},"geometry":{"type":"Point","coordinates":[-59.358573,-34.337003]}},{"type":"Feature","properties":{"ID":119,"DESCRIPCIO":"ESTANCIA","TIPO":"CASA"},"geometry":{"type":"Point","coordinates":[-59.341044,-34.349432]}},{"type":"Feature","properties":{"ID":119,"DESCRIPCIO":"ESTANCIA","TIPO":"CASA"},"geometry":{"type":"Point","coordinates":[-59.332874,-34.346287]}},{"type":"Feature","properties":{"ID":119,"DESCRIPCIO":"ESTANCIA","TIPO":"CASA"},"geometry":{"type":"Point","coordinates":[-59.333489,-34.359349]}},{"type":"Feature","properties":{"ID":119,"DESCRIPCIO":"ESTANCIA","TIPO":"CASA"},"geometry":{"type":"Point","coordinates":[-59.324715,-34.341711]}},{"type":"Feature","properties":{"ID":119,"DESCRIPCIO":"SIN IDENTIFICAR","TIPO":"CASA S/I"},"geometry":{"type":"Point","coordinates":[-59.319397,-34.341503]}},{"type":"Feature","properties":{"ID":119,"DESCRIPCIO":"SIN IDENTIFICAR","TIPO":"CASA S/I"},"geometry":{"type":"Point","coordinates":[-59.312666,-34.34707]}},{"type":"Feature","properties":{"ID":119,"DESCRIPCIO":"PUESTO","TIPO":"PUESTO"},"geometry":{"type":"Point","coordinates":[-59.314403,-34.358886]}},{"type":"Feature","properties":{"ID":119,"DESCRIPCIO":"ESTANCIA","TIPO":"CASA"},"geometry":{"type":"Point","coordinates":[-59.32077,-34.362857]}},{"type":"Feature","properties":{"ID":119,"DESCRIPCIO":"A. ORTIZ","TIPO":"CASA"},"geometry":{"type":"Point","coordinates":[-59.321287,-34.370104]}},{"type":"Feature","properties":{"ID":119,"DESCRIPCIO":"PUESTO","TIPO":"PUESTO"},"geometry":{"type":"Point","coordinates":[-59.299675,-34.366226]}},{"type":"Feature","properties":{"ID":119,"DESCRIPCIO":"PULPERIA","TIPO":"PULPERIA"},"geometry":{"type":"Point","coordinates":[-59.299187,-34.368668]}},{"type":"Feature","properties":{"ID":119,"DESCRIPCIO":"SIN IDENTIFICAR","TIPO":"CASA S/I"},"geometry":{"type":"Point","coordinates":[-59.305873,-34.373208]}},{"type":"Feature","properties":{"ID":119,"DESCRIPCIO":"ESTANCIA","TIPO":"CASA"},"geometry":{"type":"Point","coordinates":[-59.300476,-34.377948]}},{"type":"Feature","properties":{"ID":119,"DESCRIPCIO":"ESTANCIA","TIPO":"CASA"},"geometry":{"type":"Point","coordinates":[-59.288442,-34.372303]}},{"type":"Feature","properties":{"ID":119,"DESCRIPCIO":"PUESTO","TIPO":"PUESTO"},"geometry":{"type":"Point","coordinates":[-59.301967,-34.384575]}},{"type":"Feature","properties":{"ID":119,"DESCRIPCIO":"F. GOMEZ","TIPO":"CASA"},"geometry":{"type":"Point","coordinates":[-59.291548,-34.391938]}},{"type":"Feature","properties":{"ID":119,"DESCRIPCIO":"PUESTO","TIPO":"PUESTO"},"geometry":{"type":"Point","coordinates":[-59.281713,-34.398112]}},{"type":"Feature","properties":{"ID":119,"DESCRIPCIO":"BERA","TIPO":"CASA"},"geometry":{"type":"Point","coordinates":[-59.274179,-34.400155]}},{"type":"Feature","properties":{"ID":119,"DESCRIPCIO":"SIN IDENTIFICAR","TIPO":"CASA S/I"},"geometry":{"type":"Point","coordinates":[-59.260377,-34.390889]}},{"type":"Feature","properties":{"ID":119,"DESCRIPCIO":"SIN IDENTIFICAR","TIPO":"CASA S/I"},"geometry":{"type":"Point","coordinates":[-59.273611,-34.382591]}},{"type":"Feature","properties":{"ID":119,"DESCRIPCIO":"SIN IDENTIFICAR","TIPO":"CASA S/I"},"geometry":{"type":"Point","coordinates":[-59.298994,-34.357278]}},{"type":"Feature","properties":{"ID":121,"DESCRIPCIO":"PUESTO","TIPO":"PUESTO"},"geometry":{"type":"Point","coordinates":[-59.284142,-34.417609]}},{"type":"Feature","properties":{"ID":121,"DESCRIPCIO":"POBLACION DE JUAN RODRIGUEZ","TIPO":"CASA"},"geometry":{"type":"Point","coordinates":[-59.283065,-34.416935]}},{"type":"Feature","properties":{"ID":121,"DESCRIPCIO":"PULPERIA","TIPO":"PULPERIA"},"geometry":{"type":"Point","coordinates":[-59.264443,-34.437489]}},{"type":"Feature","properties":{"ID":121,"DESCRIPCIO":"POBLACION DE N. GARIBOTTI","TIPO":"CASA"},"geometry":{"type":"Point","coordinates":[-59.252566,-34.456314]}},{"type":"Feature","properties":{"ID":122,"DESCRIPCIO":"PUESTO SANTA ROSALIA","TIPO":"PUESTO"},"geometry":{"type":"Point","coordinates":[-59.377277,-34.381295]}},{"type":"Feature","properties":{"ID":122,"DESCRIPCIO":"PUESTO","TIPO":"PUESTO"},"geometry":{"type":"Point","coordinates":[-59.372349,-34.382462]}},{"type":"Feature","properties":{"ID":122,"DESCRIPCIO":"POBLACION DE CATALINA","TIPO":"CASA"},"geometry":{"type":"Point","coordinates":[-59.3539,-34.394401]}},{"type":"Feature","properties":{"ID":122,"DESCRIPCIO":"P.B. SOSA","TIPO":"CASA"},"geometry":{"type":"Point","coordinates":[-59.341607,-34.393471]}},{"type":"Feature","properties":{"ID":122,"DESCRIPCIO":"PUESTO C. ESTRADA","TIPO":"PUESTO"},"geometry":{"type":"Point","coordinates":[-59.348072,-34.39923]}},{"type":"Feature","properties":{"ID":122,"DESCRIPCIO":"POBLACION DE FUENTES","TIPO":"CASA"},"geometry":{"type":"Point","coordinates":[-59.344063,-34.401355]}},{"type":"Feature","properties":{"ID":122,"DESCRIPCIO":"PUESTO SANTA MARIA","TIPO":"PUESTO"},"geometry":{"type":"Point","coordinates":[-59.358073,-34.398985]}},{"type":"Feature","properties":{"ID":122,"DESCRIPCIO":"ESTANCIA LA ADELINA","TIPO":"CASA"},"geometry":{"type":"Point","coordinates":[-59.335209,-34.402142]}},{"type":"Feature","properties":{"ID":122,"DESCRIPCIO":"PUESTO","TIPO":"PUESTO"},"geometry":{"type":"Point","coordinates":[-59.330803,-34.399763]}},{"type":"Feature","properties":{"ID":122,"DESCRIPCIO":"MARIA LERDON","TIPO":"CASA"},"geometry":{"type":"Point","coordinates":[-59.320512,-34.409217]}},{"type":"Feature","properties":{"ID":122,"DESCRIPCIO":"MONSALVO","TIPO":"CASA"},"geometry":{"type":"Point","coordinates":[-59.33295,-34.410329]}},{"type":"Feature","properties":{"ID":122,"DESCRIPCIO":"PUESTO SANTA CLARA","TIPO":"PUESTO"},"geometry":{"type":"Point","coordinates":[-59.33135,-34.416968]}},{"type":"Feature","properties":{"ID":122,"DESCRIPCIO":"ROMERO","TIPO":"CASA"},"geometry":{"type":"Point","coordinates":[-59.324952,-34.416277]}},{"type":"Feature","properties":{"ID":123,"DESCRIPCIO":"POBLACION DE MANCILLA","TIPO":"CASA"},"geometry":{"type":"Point","coordinates":[-59.679758,-34.4333]}},{"type":"Feature","properties":{"ID":123,"DESCRIPCIO":"PUESTO","TIPO":"PUESTO"},"geometry":{"type":"Point","coordinates":[-59.680668,-34.421091]}},{"type":"Feature","properties":{"ID":123,"DESCRIPCIO":"ESTANCIA","TIPO":"CASA"},"geometry":{"type":"Point","coordinates":[-59.663152,-34.410931]}},{"type":"Feature","properties":{"ID":123,"DESCRIPCIO":"ESTANCIA CAPRILE Y PICASO","TIPO":"CASA"},"geometry":{"type":"Point","coordinates":[-59.652237,-34.430088]}},{"type":"Feature","properties":{"ID":124,"DESCRIPCIO":"PUESTO","TIPO":"PUESTO"},"geometry":{"type":"Point","coordinates":[-59.677917,-34.575757]}},{"type":"Feature","properties":{"ID":124,"DESCRIPCIO":"PUESTO","TIPO":"PUESTO"},"geometry":{"type":"Point","coordinates":[-59.654296,-34.592998]}},{"type":"Feature","properties":{"ID":124,"DESCRIPCIO":"MONTOYA","TIPO":"CASA"},"geometry":{"type":"Point","coordinates":[-59.661198,-34.598055]}},{"type":"Feature","properties":{"ID":125,"DESCRIPCIO":"E. MARTINEZ","TIPO":"CASA"},"geometry":{"type":"Point","coordinates":[-59.633812,-34.531123]}},{"type":"Feature","properties":{"ID":125,"DESCRIPCIO":"ASPIN","TIPO":"CASA"},"geometry":{"type":"Point","coordinates":[-59.625517,-34.533275]}},{"type":"Feature","properties":{"ID":125,"DESCRIPCIO":"P. MARTINEZ","TIPO":"CASA"},"geometry":{"type":"Point","coordinates":[-59.635045,-34.52102]}},{"type":"Feature","properties":{"ID":125,"DESCRIPCIO":"M. LIMA","TIPO":"CASA"},"geometry":{"type":"Point","coordinates":[-59.626785,-34.541327]}},{"type":"Feature","properties":{"ID":125,"DESCRIPCIO":"D. MARTINEZ","TIPO":"CASA"},"geometry":{"type":"Point","coordinates":[-59.613251,-34.546499]}},{"type":"Feature","properties":{"ID":125,"DESCRIPCIO":"J. ACUÑA","TIPO":"CASA"},"geometry":{"type":"Point","coordinates":[-59.595327,-34.551402]}},{"type":"Feature","properties":{"ID":125,"DESCRIPCIO":"O. MARTINEZ","TIPO":"CASA"},"geometry":{"type":"Point","coordinates":[-59.608115,-34.553757]}},{"type":"Feature","properties":{"ID":125,"DESCRIPCIO":"C. LIMA","TIPO":"CASA"},"geometry":{"type":"Point","coordinates":[-59.647115,-34.540813]}},{"type":"Feature","properties":{"ID":126,"DESCRIPCIO":"ESTANCIA R. LASOTA","TIPO":"CASA"},"geometry":{"type":"Point","coordinates":[-59.397413,-34.281052]}},{"type":"Feature","properties":{"ID":128,"DESCRIPCIO":"P. CASADO","TIPO":"CASA"},"geometry":{"type":"Point","coordinates":[-59.690758,-34.517166]}},{"type":"Feature","properties":{"ID":128,"DESCRIPCIO":"R. CASADO","TIPO":"CASA"},"geometry":{"type":"Point","coordinates":[-59.669771,-34.504947]}},{"type":"Feature","properties":{"ID":128,"DESCRIPCIO":"C. CASADO","TIPO":"CASA"},"geometry":{"type":"Point","coordinates":[-59.662859,-34.49515]}},{"type":"Feature","properties":{"ID":129,"DESCRIPCIO":"SIN IDENTIFICAR","TIPO":"CASA S/I"},"geometry":{"type":"Point","coordinates":[-59.646924,-34.541594]}},{"type":"Feature","properties":{"ID":130,"DESCRIPCIO":"ESTANCIA","TIPO":"CASA"},"geometry":{"type":"Point","coordinates":[-59.626296,-34.541454]}},{"type":"Feature","properties":{"ID":130,"DESCRIPCIO":"SIN IDENTIFICAR","TIPO":"CASA S/I"},"geometry":{"type":"Point","coordinates":[-59.606936,-34.555379]}},{"type":"Feature","properties":{"ID":130,"DESCRIPCIO":"SIN IDENTIFICAR","TIPO":"CASA S/I"},"geometry":{"type":"Point","coordinates":[-59.610361,-34.562769]}},{"type":"Feature","properties":{"ID":133,"DESCRIPCIO":"BORDENAVE","TIPO":"CASA"},"geometry":{"type":"Point","coordinates":[-59.310967,-34.340142]}},{"type":"Feature","properties":{"ID":133,"DESCRIPCIO":"GUEVARA","TIPO":"CASA"},"geometry":{"type":"Point","coordinates":[-59.32377,-34.335634]}},{"type":"Feature","properties":{"ID":133,"DESCRIPCIO":"HIGUERET","TIPO":"CASA"},"geometry":{"type":"Point","coordinates":[-59.302256,-34.329646]}},{"type":"Feature","properties":{"ID":133,"DESCRIPCIO":"ROCHA","TIPO":"CASA"},"geometry":{"type":"Point","coordinates":[-59.297058,-34.32196]}},{"type":"Feature","properties":{"ID":133,"DESCRIPCIO":"SCULLY","TIPO":"CASA"},"geometry":{"type":"Point","coordinates":[-59.338199,-34.321617]}},{"type":"Feature","properties":{"ID":133,"DESCRIPCIO":"BERGARI","TIPO":"CASA"},"geometry":{"type":"Point","coordinates":[-59.323477,-34.307727]}},{"type":"Feature","properties":{"ID":133,"DESCRIPCIO":"VIVANCO","TIPO":"CASA"},"geometry":{"type":"Point","coordinates":[-59.350885,-34.32054]}},{"type":"Feature","properties":{"ID":133,"DESCRIPCIO":"F. DEVALIX","TIPO":"CASA"},"geometry":{"type":"Point","coordinates":[-59.357419,-34.32315]}},{"type":"Feature","properties":{"ID":133,"DESCRIPCIO":"ECHARTE","TIPO":"CASA"},"geometry":{"type":"Point","coordinates":[-59.341274,-34.303316]}},{"type":"Feature","properties":{"ID":133,"DESCRIPCIO":"ESTANCIA","TIPO":"CASA"},"geometry":{"type":"Point","coordinates":[-59.366017,-34.292212]}},{"type":"Feature","properties":{"ID":133,"DESCRIPCIO":"GREGORIO PEREZ","TIPO":"CASA"},"geometry":{"type":"Point","coordinates":[-59.383996,-34.285864]}},{"type":"Feature","properties":{"ID":133,"DESCRIPCIO":"T. DUFFY","TIPO":"CASA"},"geometry":{"type":"Point","coordinates":[-59.309452,-34.293481]}},{"type":"Feature","properties":{"ID":133,"DESCRIPCIO":"JUAN M. BEGARI","TIPO":"CASA"},"geometry":{"type":"Point","coordinates":[-59.296608,-34.299758]}},{"type":"Feature","properties":{"ID":133,"DESCRIPCIO":"PUESTO","TIPO":"PUESTO"},"geometry":{"type":"Point","coordinates":[-59.282547,-34.310696]}},{"type":"Feature","properties":{"ID":134,"DESCRIPCIO":"ESTANCIA DE ECHEVERRIA","TIPO":"CASA"},"geometry":{"type":"Point","coordinates":[-59.630316,-34.517092]}},{"type":"Feature","properties":{"ID":134,"DESCRIPCIO":"ARRENDATARIO","TIPO":"ARRENDATARIO"},"geometry":{"type":"Point","coordinates":[-59.599784,-34.507187]}},{"type":"Feature","properties":{"ID":134,"DESCRIPCIO":"ARRENDATARIO","TIPO":"ARRENDATARIO"},"geometry":{"type":"Point","coordinates":[-59.614672,-34.511946]}},{"type":"Feature","properties":{"ID":134,"DESCRIPCIO":"ARRENDATARIO","TIPO":"ARRENDATARIO"},"geometry":{"type":"Point","coordinates":[-59.617824,-34.499851]}},{"type":"Feature","properties":{"ID":134,"DESCRIPCIO":"ARRENDATARIO","TIPO":"ARRENDATARIO"},"geometry":{"type":"Point","coordinates":[-59.645892,-34.504825]}},{"type":"Feature","properties":{"ID":135,"DESCRIPCIO":"O´BRIEN","TIPO":"CASA"},"geometry":{"type":"Point","coordinates":[-59.306025,-34.333954]}},{"type":"Feature","properties":{"ID":135,"DESCRIPCIO":"PUESTO","TIPO":"PUESTO"},"geometry":{"type":"Point","coordinates":[-59.294019,-34.345284]}},{"type":"Feature","properties":{"ID":135,"DESCRIPCIO":"ANA","TIPO":"CASA"},"geometry":{"type":"Point","coordinates":[-59.2849,-34.347449]}},{"type":"Feature","properties":{"ID":135,"DESCRIPCIO":"ESTANCIA","TIPO":"CASA"},"geometry":{"type":"Point","coordinates":[-59.275766,-34.336161]}},{"type":"Feature","properties":{"ID":135,"DESCRIPCIO":"PUESTO","TIPO":"PUESTO"},"geometry":{"type":"Point","coordinates":[-59.279417,-34.322838]}},{"type":"Feature","properties":{"ID":136,"DESCRIPCIO":"SIN IDENTIFICAR","TIPO":"CASA S/I"},"geometry":{"type":"Point","coordinates":[-59.648949,-34.601637]}},{"type":"Feature","properties":{"ID":139,"DESCRIPCIO":"CASA DE NEGOCIO DE ADOLFO LOREA","TIPO":"NEGOCIO"},"geometry":{"type":"Point","coordinates":[-59.426173,-34.546498]}},{"type":"Feature","properties":{"ID":139,"DESCRIPCIO":"POBLACION DE LLERA","TIPO":"CASA"},"geometry":{"type":"Point","coordinates":[-59.406456,-34.543509]}},{"type":"Feature","properties":{"ID":140,"DESCRIPCIO":"PUESTO DE ELIZALDE","TIPO":"PUESTO"},"geometry":{"type":"Point","coordinates":[-59.671351,-34.55303]}},{"type":"Feature","properties":{"ID":140,"DESCRIPCIO":"PUESTO","TIPO":"PUESTO"},"geometry":{"type":"Point","coordinates":[-59.68134,-34.56057]}},{"type":"Feature","properties":{"ID":141,"DESCRIPCIO":"ESTANCIA DE GAYNOR","TIPO":"CASA"},"geometry":{"type":"Point","coordinates":[-59.442003,-34.534855]}},{"type":"Feature","properties":{"ID":141,"DESCRIPCIO":"SIN IDENTIFICAR","TIPO":"CASA S/I"},"geometry":{"type":"Point","coordinates":[-59.438109,-34.535338]}},{"type":"Feature","properties":{"ID":142,"DESCRIPCIO":"ESTANCIA","TIPO":"CASA"},"geometry":{"type":"Point","coordinates":[-59.288328,-34.468824]}},{"type":"Feature","properties":{"ID":144,"DESCRIPCIO":"SIN IDENTIFICAR","TIPO":"CASA S/I"},"geometry":{"type":"Point","coordinates":[-59.419203,-34.406338]}},{"type":"Feature","properties":{"ID":144,"DESCRIPCIO":"SIN IDENTIFICAR","TIPO":"CASA S/I"},"geometry":{"type":"Point","coordinates":[-59.407451,-34.407963]}},{"type":"Feature","properties":{"ID":144,"DESCRIPCIO":"PUESTO","TIPO":"PUESTO"},"geometry":{"type":"Point","coordinates":[-59.390145,-34.413387]}},{"type":"Feature","properties":{"ID":146,"DESCRIPCIO":"TORIBIO RODRIGUEZ","TIPO":"CASA"},"geometry":{"type":"Point","coordinates":[-59.366855,-34.404969]}},{"type":"Feature","properties":{"ID":146,"DESCRIPCIO":"F. LOPEZ","TIPO":"CASA"},"geometry":{"type":"Point","coordinates":[-59.331539,-34.426694]}},{"type":"Feature","properties":{"ID":146,"DESCRIPCIO":"ESTANCIA","TIPO":"CASA"},"geometry":{"type":"Point","coordinates":[-59.342964,-34.433404]}},{"type":"Feature","properties":{"ID":147,"DESCRIPCIO":"E. LOPEZ","TIPO":"CASA"},"geometry":{"type":"Point","coordinates":[-59.339685,-34.420249]}},{"type":"Feature","properties":{"ID":148,"DESCRIPCIO":"SIN IDENTIFICAR","TIPO":"CASA S/I"},"geometry":{"type":"Point","coordinates":[-59.445256,-34.373129]}},{"type":"Feature","properties":{"ID":148,"DESCRIPCIO":"SIN IDENTIFICAR","TIPO":"CASA S/I"},"geometry":{"type":"Point","coordinates":[-59.422439,-34.391704]}},{"type":"Feature","properties":{"ID":148,"DESCRIPCIO":"SIN IDENTIFICAR","TIPO":"CASA S/I"},"geometry":{"type":"Point","coordinates":[-59.424046,-34.395661]}},{"type":"Feature","properties":{"ID":150,"DESCRIPCIO":"ESTANCIA NUEVA","TIPO":"CASA"},"geometry":{"type":"Point","coordinates":[-59.361734,-34.246092]}},{"type":"Feature","properties":{"ID":150,"DESCRIPCIO":"ESTANCIA VIEJA","TIPO":"CASA"},"geometry":{"type":"Point","coordinates":[-59.347269,-34.278096]}},{"type":"Feature","properties":{"ID":151,"DESCRIPCIO":"PUESTO","TIPO":"PUESTO"},"geometry":{"type":"Point","coordinates":[-59.250574,-34.422769]}},{"type":"Feature","properties":{"ID":151,"DESCRIPCIO":"PUESTO","TIPO":"PUESTO"},"geometry":{"type":"Point","coordinates":[-59.249026,-34.418884]}},{"type":"Feature","properties":{"ID":151,"DESCRIPCIO":"ESTANCIA DEL SAR","TIPO":"CASA"},"geometry":{"type":"Point","coordinates":[-59.251791,-34.389219]}},{"type":"Feature","properties":{"ID":151,"DESCRIPCIO":"LA PATERNA","TIPO":"CASA"},"geometry":{"type":"Point","coordinates":[-59.207405,-34.380582]}},{"type":"Feature","properties":{"ID":151,"DESCRIPCIO":"PUESTO","TIPO":"PUESTO"},"geometry":{"type":"Point","coordinates":[-59.270129,-34.336838]}},{"type":"Feature","properties":{"ID":151,"DESCRIPCIO":"PUESTO","TIPO":"PUESTO"},"geometry":{"type":"Point","coordinates":[-59.284154,-34.35106]}},{"type":"Feature","properties":{"ID":151,"DESCRIPCIO":"PUESTO","TIPO":"PUESTO"},"geometry":{"type":"Point","coordinates":[-59.285495,-34.36389]}},{"type":"Feature","properties":{"ID":151,"DESCRIPCIO":"PUESTO","TIPO":"PUESTO"},"geometry":{"type":"Point","coordinates":[-59.267423,-34.378833]}},{"type":"Feature","properties":{"ID":152,"DESCRIPCIO":"ESTANCIA","TIPO":"CASA"},"geometry":{"type":"Point","coordinates":[-59.716512,-34.478329]}},{"type":"Feature","properties":{"ID":153,"DESCRIPCIO":"PUESTO","TIPO":"PUESTO"},"geometry":{"type":"Point","coordinates":[-59.55844,-34.531786]}},{"type":"Feature","properties":{"ID":153,"DESCRIPCIO":"SIN IDENTIFICAR","TIPO":"CASA S/I"},"geometry":{"type":"Point","coordinates":[-59.560836,-34.53375]}},{"type":"Feature","properties":{"ID":153,"DESCRIPCIO":"ESTANCIA","TIPO":"CASA"},"geometry":{"type":"Point","coordinates":[-59.566323,-34.519813]}},{"type":"Feature","properties":{"ID":154,"DESCRIPCIO":"SIN IDENTIFICAR","TIPO":"CASA S/I"},"geometry":{"type":"Point","coordinates":[-59.36649,-34.404902]}},{"type":"Feature","properties":{"ID":154,"DESCRIPCIO":"ESTANCIA DE G. RODRIGUEZ","TIPO":"CASA"},"geometry":{"type":"Point","coordinates":[-59.342784,-34.433703]}},{"type":"Feature","properties":{"ID":157,"DESCRIPCIO":"LESCANO","TIPO":"CASA"},"geometry":{"type":"Point","coordinates":[-59.367477,-34.514925]}},{"type":"Feature","properties":{"ID":157,"DESCRIPCIO":"PUESTO","TIPO":"PUESTO"},"geometry":{"type":"Point","coordinates":[-59.376574,-34.509877]}},{"type":"Feature","properties":{"ID":158,"DESCRIPCIO":"TAPERA","TIPO":"TAPERA"},"geometry":{"type":"Point","coordinates":[-59.425204,-34.546115]}},{"type":"Feature","properties":{"ID":158,"DESCRIPCIO":"MARGARITA CASEY","TIPO":"CASA"},"geometry":{"type":"Point","coordinates":[-59.420962,-34.546037]}},{"type":"Feature","properties":{"ID":158,"DESCRIPCIO":"TAPERA","TIPO":"TAPERA"},"geometry":{"type":"Point","coordinates":[-59.422819,-34.54763]}},{"type":"Feature","properties":{"ID":159,"DESCRIPCIO":"FACUNDO CANE","TIPO":"CASA"},"geometry":{"type":"Point","coordinates":[-59.535808,-34.449531]}},{"type":"Feature","properties":{"ID":159,"DESCRIPCIO":"BUTTERFILL","TIPO":"CASA"},"geometry":{"type":"Point","coordinates":[-59.526983,-34.452187]}},{"type":"Feature","properties":{"ID":159,"DESCRIPCIO":"J. Y. J. DE LA TORRE","TIPO":"CASA"},"geometry":{"type":"Point","coordinates":[-59.54218,-34.470954]}},{"type":"Feature","properties":{"ID":159,"DESCRIPCIO":"RAFAEL CANE","TIPO":"CASA"},"geometry":{"type":"Point","coordinates":[-59.527693,-34.476034]}},{"type":"Feature","properties":{"ID":159,"DESCRIPCIO":"DE LA TESTAMENTARIA (TORRE DE BUTTERFILL)","TIPO":"CASA"},"geometry":{"type":"Point","coordinates":[-59.517525,-34.471272]}},{"type":"Feature","properties":{"ID":159,"DESCRIPCIO":"L. CONTRERAS","TIPO":"CASA"},"geometry":{"type":"Point","coordinates":[-59.507369,-34.469574]}},{"type":"Feature","properties":{"ID":159,"DESCRIPCIO":"L. CONTRERAS","TIPO":"CASA"},"geometry":{"type":"Point","coordinates":[-59.482237,-34.479809]}},{"type":"Feature","properties":{"ID":159,"DESCRIPCIO":"L. CANE","TIPO":"CASA"},"geometry":{"type":"Point","coordinates":[-59.495691,-34.487509]}},{"type":"Feature","properties":{"ID":161,"DESCRIPCIO":"PUESTO DE FIGUEROA","TIPO":"PUESTO"},"geometry":{"type":"Point","coordinates":[-59.431519,-34.319074]}},{"type":"Feature","properties":{"ID":161,"DESCRIPCIO":"PUESTO DE FIGUEROA","TIPO":"PUESTO"},"geometry":{"type":"Point","coordinates":[-59.4561,-34.319039]}},{"type":"Feature","properties":{"ID":161,"DESCRIPCIO":"PUESTO DE FIGUEROA","TIPO":"PUESTO"},"geometry":{"type":"Point","coordinates":[-59.449341,-34.306326]}},{"type":"Feature","properties":{"ID":161,"DESCRIPCIO":"JOSE RODRIGUEZ","TIPO":"CASA"},"geometry":{"type":"Point","coordinates":[-59.390449,-34.304076]}},{"type":"Feature","properties":{"ID":161,"DESCRIPCIO":"PUESTO","TIPO":"PUESTO"},"geometry":{"type":"Point","coordinates":[-59.407625,-34.283744]}},{"type":"Feature","properties":{"ID":161,"DESCRIPCIO":"DURAN","TIPO":"CASA"},"geometry":{"type":"Point","coordinates":[-59.42973,-34.282584]}},{"type":"Feature","properties":{"ID":161,"DESCRIPCIO":"ESTANCIA DE FIGUEROA","TIPO":"CASA"},"geometry":{"type":"Point","coordinates":[-59.389201,-34.324613]}},{"type":"Feature","properties":{"ID":161,"DESCRIPCIO":"RABIRIAN","TIPO":"CASA"},"geometry":{"type":"Point","coordinates":[-59.37268,-34.327153]}},{"type":"Feature","properties":{"ID":161,"DESCRIPCIO":"IGLESIA DE ARECO","TIPO":"IGLESIA"},"geometry":{"type":"Point","coordinates":[-59.477507,-34.242622]}},{"type":"Feature","properties":{"ID":162,"DESCRIPCIO":"ESTANCIA","TIPO":"CASA"},"geometry":{"type":"Point","coordinates":[-59.38377,-34.268516]}},{"type":"Feature","properties":{"ID":164,"DESCRIPCIO":"SIN IDENTIFICAR","TIPO":"CASA S/I"},"geometry":{"type":"Point","coordinates":[-59.38169,-34.476429]}},{"type":"Feature","properties":{"ID":164,"DESCRIPCIO":"SIN IDENTIFICAR","TIPO":"CASA S/I"},"geometry":{"type":"Point","coordinates":[-59.367441,-34.468504]}},{"type":"Feature","properties":{"ID":164,"DESCRIPCIO":"SIN IDENTIFICAR","TIPO":"CASA S/I"},"geometry":{"type":"Point","coordinates":[-59.371396,-34.484934]}},{"type":"Feature","properties":{"ID":164,"DESCRIPCIO":"SIN IDENTIFICAR","TIPO":"CASA S/I"},"geometry":{"type":"Point","coordinates":[-59.371899,-34.485471]}},{"type":"Feature","properties":{"ID":164,"DESCRIPCIO":"SIN IDENTIFICAR","TIPO":"CASA S/I"},"geometry":{"type":"Point","coordinates":[-59.360997,-34.488772]}},{"type":"Feature","properties":{"ID":164,"DESCRIPCIO":"SIN IDENTIFICAR","TIPO":"CASA S/I"},"geometry":{"type":"Point","coordinates":[-59.353898,-34.49196]}},{"type":"Feature","properties":{"ID":166,"DESCRIPCIO":"ESTANCIA","TIPO":"CASA"},"geometry":{"type":"Point","coordinates":[-59.732881,-34.447232]}},{"type":"Feature","properties":{"ID":166,"DESCRIPCIO":"PUESTO","TIPO":"PUESTO"},"geometry":{"type":"Point","coordinates":[-59.750187,-34.443849]}},{"type":"Feature","properties":{"ID":166,"DESCRIPCIO":"TAPERA","TIPO":"TAPERA"},"geometry":{"type":"Point","coordinates":[-59.755184,-34.448045]}},{"type":"Feature","properties":{"ID":166,"DESCRIPCIO":"TAPERA","TIPO":"TAPERA"},"geometry":{"type":"Point","coordinates":[-59.73879,-34.461177]}},{"type":"Feature","properties":{"ID":166,"DESCRIPCIO":"TAPERA","TIPO":"TAPERA"},"geometry":{"type":"Point","coordinates":[-59.736513,-34.46178]}},{"type":"Feature","properties":{"ID":171,"DESCRIPCIO":"POBLACION","TIPO":"CASA"},"geometry":{"type":"Point","coordinates":[-59.570475,-34.441837]}},{"type":"Feature","properties":{"ID":171,"DESCRIPCIO":"PUESTO","TIPO":"PUESTO"},"geometry":{"type":"Point","coordinates":[-59.59367,-34.455832]}},{"type":"Feature","properties":{"ID":173,"DESCRIPCIO":"POBLACION","TIPO":"CASA"},"geometry":{"type":"Point","coordinates":[-59.358513,-34.448317]}},{"type":"Feature","properties":{"ID":173,"DESCRIPCIO":"POBLACION","TIPO":"CASA"},"geometry":{"type":"Point","coordinates":[-59.345803,-34.465508]}},{"type":"Feature","properties":{"ID":173,"DESCRIPCIO":"POBLACION","TIPO":"CASA"},"geometry":{"type":"Point","coordinates":[-59.342442,-34.469988]}},{"type":"Feature","properties":{"ID":173,"DESCRIPCIO":"POBLACION","TIPO":"CASA"},"geometry":{"type":"Point","coordinates":[-59.336416,-34.478208]}},{"type":"Feature","properties":{"ID":173,"DESCRIPCIO":"POBLACION","TIPO":"CASA"},"geometry":{"type":"Point","coordinates":[-59.323975,-34.495563]}},{"type":"Feature","properties":{"ID":174,"DESCRIPCIO":"ESTANCIA","TIPO":"CASA"},"geometry":{"type":"Point","coordinates":[-59.46719,-34.565687]}},{"type":"Feature","properties":{"ID":174,"DESCRIPCIO":"RANCHO","TIPO":"RANCHO"},"geometry":{"type":"Point","coordinates":[-59.458672,-34.550982]}},{"type":"Feature","properties":{"ID":179,"DESCRIPCIO":"PUESTO","TIPO":"PUESTO"},"geometry":{"type":"Point","coordinates":[-59.506244,-34.332123]}},{"type":"Feature","properties":{"ID":179,"DESCRIPCIO":"PUESTO","TIPO":"PUESTO"},"geometry":{"type":"Point","coordinates":[-59.471276,-34.359567]}},{"type":"Feature","properties":{"ID":179,"DESCRIPCIO":"EL PARAISO","TIPO":"CASA"},"geometry":{"type":"Point","coordinates":[-59.458661,-34.347795]}},{"type":"Feature","properties":{"ID":179,"DESCRIPCIO":"JAGUEL","TIPO":"JAGUEL"},"geometry":{"type":"Point","coordinates":[-59.456731,-34.346117]}},{"type":"Feature","properties":{"ID":179,"DESCRIPCIO":"PUESTO","TIPO":"PUESTO"},"geometry":{"type":"Point","coordinates":[-59.445123,-34.334885]}},{"type":"Feature","properties":{"ID":179,"DESCRIPCIO":"CAÑON","TIPO":"CAÑON"},"geometry":{"type":"Point","coordinates":[-59.444625,-34.333988]}},{"type":"Feature","properties":{"ID":179,"DESCRIPCIO":"PUESTO","TIPO":"PUESTO"},"geometry":{"type":"Point","coordinates":[-59.482046,-34.31519]}},{"type":"Feature","properties":{"ID":179,"DESCRIPCIO":"JAGUEL","TIPO":"JAGUEL"},"geometry":{"type":"Point","coordinates":[-59.481405,-34.320137]}},{"type":"Feature","properties":{"ID":181,"DESCRIPCIO":"ESTANCIA","TIPO":"CASA"},"geometry":{"type":"Point","coordinates":[-59.714123,-34.486904]}},{"type":"Feature","properties":{"ID":181,"DESCRIPCIO":"PUESTO","TIPO":"PUESTO"},"geometry":{"type":"Point","coordinates":[-59.707958,-34.4789]}},{"type":"Feature","properties":{"ID":181,"DESCRIPCIO":"PUESTO","TIPO":"PUESTO"},"geometry":{"type":"Point","coordinates":[-59.670934,-34.482383]}},{"type":"Feature","properties":{"ID":183,"DESCRIPCIO":"ESTANCIA","TIPO":"CASA"},"geometry":{"type":"Point","coordinates":[-59.412015,-34.286867]}},{"type":"Feature","properties":{"ID":183,"DESCRIPCIO":"ESTANCIA","TIPO":"CASA"},"geometry":{"type":"Point","coordinates":[-59.396999,-34.280999]}},{"type":"Feature","properties":{"ID":183,"DESCRIPCIO":"TAPERA MONSALVO","TIPO":"TAPERA"},"geometry":{"type":"Point","coordinates":[-59.381421,-34.30983]}},{"type":"Feature","properties":{"ID":183,"DESCRIPCIO":"ESTANCIA","TIPO":"CASA"},"geometry":{"type":"Point","coordinates":[-59.390592,-34.320359]}},{"type":"Feature","properties":{"ID":183,"DESCRIPCIO":"PUENTE","TIPO":"PUENTE"},"geometry":{"type":"Point","coordinates":[-59.384557,-34.326017]}},{"type":"Feature","properties":{"ID":183,"DESCRIPCIO":"PUESTO","TIPO":"PUESTO"},"geometry":{"type":"Point","coordinates":[-59.382645,-34.322036]}},{"type":"Feature","properties":{"ID":187,"DESCRIPCIO":"POBLACION","TIPO":"CASA"},"geometry":{"type":"Point","coordinates":[-59.453272,-34.50744]}},{"type":"Feature","properties":{"ID":188,"DESCRIPCIO":"POBLACION","TIPO":"CASA"},"geometry":{"type":"Point","coordinates":[-59.449711,-34.524963]}},{"type":"Feature","properties":{"ID":188,"DESCRIPCIO":"POBLACION","TIPO":"CASA"},"geometry":{"type":"Point","coordinates":[-59.462385,-34.529446]}},{"type":"Feature","properties":{"ID":188,"DESCRIPCIO":"POBLACION","TIPO":"CASA"},"geometry":{"type":"Point","coordinates":[-59.428299,-34.546581]}},{"type":"Feature","properties":{"ID":188,"DESCRIPCIO":"POBLACION","TIPO":"CASA"},"geometry":{"type":"Point","coordinates":[-59.43075,-34.543864]}},{"type":"Feature","properties":{"ID":188,"DESCRIPCIO":"PUESTO","TIPO":"PUESTO"},"geometry":{"type":"Point","coordinates":[-59.438408,-34.53461]}},{"type":"Feature","properties":{"ID":188,"DESCRIPCIO":"ESTANCIA SANTA  MARIA","TIPO":"CASA"},"geometry":{"type":"Point","coordinates":[-59.442505,-34.531754]}},{"type":"Feature","properties":{"ID":189,"DESCRIPCIO":"ESTANCIA SAN FELIPE","TIPO":"CASA"},"geometry":{"type":"Point","coordinates":[-59.389241,-34.329522]}},{"type":"Feature","properties":{"ID":189,"DESCRIPCIO":"PUENTE","TIPO":"PUENTE"},"geometry":{"type":"Point","coordinates":[-59.384859,-34.329142]}},{"type":"Feature","properties":{"ID":189,"DESCRIPCIO":"POBLACION DE I. FIGUEROA","TIPO":"CASA"},"geometry":{"type":"Point","coordinates":[-59.408038,-34.329227]}},{"type":"Feature","properties":{"ID":189,"DESCRIPCIO":"TRANQUERA","TIPO":"TRANQUERA"},"geometry":{"type":"Point","coordinates":[-59.406567,-34.328951]}},{"type":"Feature","properties":{"ID":189,"DESCRIPCIO":"POBLACION","TIPO":"CASA"},"geometry":{"type":"Point","coordinates":[-59.418925,-34.319202]}},{"type":"Feature","properties":{"ID":189,"DESCRIPCIO":"PUESTO","TIPO":"PUESTO"},"geometry":{"type":"Point","coordinates":[-59.41649,-34.312721]}},{"type":"Feature","properties":{"ID":189,"DESCRIPCIO":"POBLACION","TIPO":"CASA"},"geometry":{"type":"Point","coordinates":[-59.40744,-34.307072]}},{"type":"Feature","properties":{"ID":189,"DESCRIPCIO":"POBLACION","TIPO":"CASA"},"geometry":{"type":"Point","coordinates":[-59.432017,-34.317355]}},{"type":"Feature","properties":{"ID":189,"DESCRIPCIO":"POBLACION LABAYEN","TIPO":"CASA"},"geometry":{"type":"Point","coordinates":[-59.433932,-34.326428]}},{"type":"Feature","properties":{"ID":189,"DESCRIPCIO":"POBLACION","TIPO":"CASA"},"geometry":{"type":"Point","coordinates":[-59.445026,-34.328148]}},{"type":"Feature","properties":{"ID":189,"DESCRIPCIO":"POBLACION","TIPO":"CASA"},"geometry":{"type":"Point","coordinates":[-59.440291,-34.332121]}},{"type":"Feature","properties":{"ID":189,"DESCRIPCIO":"MOJON DE CAÑON","TIPO":"CAÑON"},"geometry":{"type":"Point","coordinates":[-59.445887,-34.333697]}},{"type":"Feature","properties":{"ID":189,"DESCRIPCIO":"POBLACION","TIPO":"CASA"},"geometry":{"type":"Point","coordinates":[-59.448284,-34.335497]}},{"type":"Feature","properties":{"ID":190,"DESCRIPCIO":"MONTE DE LOS GALLEGOS","TIPO":"CASA"},"geometry":{"type":"Point","coordinates":[-59.535912,-34.571326]}},{"type":"Feature","properties":{"ID":190,"DESCRIPCIO":"MARTINEZ","TIPO":"CASA"},"geometry":{"type":"Point","coordinates":[-59.503953,-34.563615]}},{"type":"Feature","properties":{"ID":190,"DESCRIPCIO":"MOLINA","TIPO":"CASA"},"geometry":{"type":"Point","coordinates":[-59.503496,-34.582217]}},{"type":"Feature","properties":{"ID":191,"DESCRIPCIO":"BERNAL","TIPO":"CASA"},"geometry":{"type":"Point","coordinates":[-59.588237,-34.532016]}},{"type":"Feature","properties":{"ID":191,"DESCRIPCIO":"MONTE DE AVILA","TIPO":"CASA"},"geometry":{"type":"Point","coordinates":[-59.536688,-34.569253]}},{"type":"Feature","properties":{"ID":191,"DESCRIPCIO":"CASTRO","TIPO":"CASA"},"geometry":{"type":"Point","coordinates":[-59.503863,-34.573847]}}]}